Dissertation Abstracts International Section A: Humanities and Social Sciences,2582
Dissertation Abstracts International: Section B: The Sciences and Engineering,1980
PsycCRITIQUES,454
Dissertation Abstracts International,349
Journal of Multicultural Counseling and Development,278
The Counseling Psychologist,268
Cultural Diversity and Ethnic Minority Psychology,257
International Journal of Intercultural Relations,250
Journal of Counseling & Development,207
Ethnic and Racial Studies,196
American Psychologist,139
Journal of Counseling Psychology,132
Professional Psychology: Research and Practice,125
Journal of Cross-Cultural Psychology,113
Journal of College Student Development,107
Journal of Personality and Social Psychology,106
International Journal for the Advancement of Counselling,101
Journal of Social Issues,97
Women & Therapy,91
"Social Identities: Journal for the Study of Race, Nation and Culture",85
Counselling Psychology Quarterly,79
"Journal of Ethnic & Cultural Diversity in Social Work: Innovation in Theory, Research & Practice",74
The Family Journal,73
Journal of Youth and Adolescence,71
Teaching and Teacher Education,70
Counselor Education and Supervision,69
Journal of Black Studies,65
Professional School Counseling,65
Psychological Reports,65
Journal of Experimental Social Psychology,65
Teachers College Record,63
Urban Education,62
American Journal of Orthopsychiatry,61
International Journal of Bilingual Education and Bilingualism,60
The Journal of Social Psychology,59
Adoption Quarterly,55
Personality and Social Psychology Bulletin,54
Hispanic Journal of Behavioral Sciences,54
Family Relations: An Interdisciplinary Journal of Applied Family Studies,53
American Journal of Sociology,53
The Urban Review,53
Journal of Adolescent Health,51
Transcultural Psychiatry,48
Journal of Comparative Family Studies,48
Training and Education in Professional Psychology,48
Journal of Mental Health Counseling,47
Art Therapy,47
Journal of Instructional Psychology,46
American Journal of Public Health,46
Journal of Negro Education,46
Neurology,45
Families in Society,44
"Psychotherapy: Theory, Research, Practice, Training",44
American Behavioral Scientist,44
Child Development,44
American Journal of Community Psychology,44
American Sociological Review,43
Journal for Specialists in Group Work,43
Social Work,41
Linguistics and Education,41
Anthropology & Education Quarterly,41
Journal of Applied Social Psychology,41
Family Therapy,40
Journal of Marital and Family Therapy,39
Counseling and Values,39
Psychology of Women Quarterly,39
Howard Journal of Communications,39
Psychological Science,37
South African Journal of Psychology,37
Journal of Black Psychology,37
International Journal of Cross Cultural Management,36
"Journal of Language, Identity, and Education",36
Social Science Quarterly,36
Patterns of Prejudice,35
Ethnicity & Health,35
European Journal of Women's Studies,35
Journal of Moral Education,35
Psychiatric Rehabilitation Journal,35
Cultural Diversity and Mental Health,35
Journal for the Scientific Study of Religion,34
Journal of Community Psychology,34
Journal of Educational Psychology,34
Social Problems,34
Group Processes & Intergroup Relations,34
Canadian Journal of Counselling,33
Journal of Community & Applied Social Psychology,33
Social Science & Medicine,33
Culture & Psychology,33
Journal of Transcultural Nursing,32
School Psychology Review,32
Cross Cultural Management,32
Harvard Educational Review,32
The Sociological Review,32
International Journal of Psychology,32
Sex Roles,32
American Educational Research Journal,31
Educational Studies,31
International Journal of Qualitative Studies in Education,31
Journal of Marriage and Family,31
Language in Society,31
Current Anthropology,30
Asian American Journal of Psychology,29
The Sociological Quarterly,29
Sociology,29
Journal of Applied Rehabilitation Counseling,29
Journal of Latinos and Education,29
Women's Studies International Forum,29
Consulting Psychology Journal: Practice and Research,28
Social Science Research,28
Education and Urban Society,28
New Zealand Journal of Psychology,28
Sociological Forum,28
Psychiatric Services,28
Annals of the American Academy of Political and Social Science,27
International Social Work,27
Personality and Individual Differences,27
Australian Psychologist,27
Journal of the American Geriatrics Society,27
Journal of Personality Assessment,27
Journal of the American Academy of Child & Adolescent Psychiatry,27
Journal of Diversity in Higher Education,26
Journal of Language and Social Psychology,26
The Career Development Quarterly,26
Industrial and Organizational Psychology: Perspectives on Science and Practice,26
Early Child Development and Care,26
Social Forces,26
The Journal of Educational Research,26
Academic Medicine,26
Psychological Assessment,26
Social Psychology Quarterly,26
Family Process,26
British Journal of Sociology of Education,26
Sociological Perspectives,25
Journal of Human Behavior in the Social Environment,25
Psychology of Sexual Orientation and Gender Diversity,25
Academy of Management Learning & Education,25
Journal of Immigrant and Minority Health,25
College Student Journal,25
British Journal of Guidance & Counselling,25
Rehabilitation Education,25
British Journal of Social Work,25
Social Work Education,25
Psychology in the Schools,24
Identity: An International Journal of Theory and Research,24
Race and Social Problems,24
The American Journal of Psychiatry,24
Early Childhood Education Journal,24
The Clinical Supervisor,24
Gender & Society,24
The Arts in Psychotherapy,24
Language and Education,23
Pastoral Psychology,23
Social Work with Groups: A Journal of Community and Clinical Practice,23
Equity & Excellence in Education,23
Journal of General Internal Medicine,23
"Language, Culture and Curriculum",23
Journal of Asian Pacific Communication,23
Asia Pacific Journal of Education,22
Developmental Psychology,22
Journal of Educational & Psychological Consultation,22
Communication Education,22
Psychoanalytic Dialogues,22
"Culture, Medicine and Psychiatry",22
Journal of Deaf Studies and Deaf Education,22
Journal of Women's Health,22
Political Psychology,22
British Journal of Sociology,22
Journal of Social Work Education,21
Adolescence,21
Journal of Child and Family Studies,21
Journal of Clinical Psychology,21
Educational Studies: Journal of the American Educational Studies Association,21
Marriage & Family Review,21
Critical Social Policy,21
Journal of Adolescence,21
Canadian Journal of Behavioural Science/Revue canadienne des sciences du comportement,20
Smith College Studies in Social Work,20
Journal of Adolescent Research,20
Rehabilitation Counseling Bulletin,20
Asian Journal of Social Psychology,20
American Journal of Preventive Medicine,20
Journal of Social Distress & the Homeless,20
Law & Society Review,20
The American Journal of Geriatric Psychiatry,20
Preventive Medicine: An International Journal Devoted to Practice and Theory,20
Journal of Social and Personal Relationships,20
Journal of Research on Adolescence,20
Teaching of Psychology,20
American Annals of the Deaf,20
Alberta Journal of Educational Research,20
Substance Use & Misuse,20
Social and Personality Psychology Compass,19
Journal of Feminist Family Therapy: An International Forum,19
Social Psychological and Personality Science,19
Contemporary Family Therapy: An International Journal,19
Canadian Psychology/Psychologie canadienne,19
International Journal of Social Psychiatry,19
Health Education & Behavior,19
Journal of Applied Behavioral Science,19
Health Psychology,19
Measurement and Evaluation in Counseling and Development,19
Peace and Conflict: Journal of Peace Psychology,19
Journal of Family Issues,19
Science Education,19
European Journal of Social Psychology,19
The Journal of Primary Prevention,19
Research on Social Work Practice,19
Perception,19
Annals of Behavioral Medicine,19
Psychoanalytic Psychology,18
Health Promotion Practice,18
Archives of Neurology,18
The International Journal of Human Resource Management,18
Review of Educational Research,18
Journal of Interpersonal Violence,18
Educational and Child Psychology,18
Drug and Alcohol Dependence,18
Communication Disorders Quarterly,18
Journal of Hispanic Higher Education,18
Journal of Research & Development in Education,18
"Child Welfare: Journal of Policy, Practice, and Program",18
Journal of Psychology and Christianity,18
Journal of LGBT Issues in Counseling,18
Visual Cognition,18
The Journal of Psychology: Interdisciplinary and Applied,18
European Psychologist,18
Psychological Bulletin,18
Basic and Applied Social Psychology,18
International Journal of Music Education,18
"Quality of Life Research: An International Journal of Quality of Life Aspects of Treatment, Care & Rehabilitation",17
Child & Adolescent Social Work Journal,17
Canadian Journal of Education,17
Group,17
The Journal of Early Adolescence,17
Psychosomatic Medicine,17
Community Mental Health Journal,17
Journal of Sociology,17
Sociology of Education,17
International Journal of Play Therapy,17
Educational Research,17
Counselling Psychology Review,17
Teachers and Teaching: Theory and Practice,17
Journal of Advertising Research,17
Remedial and Special Education,16
Maternal and Child Health Journal,16
Journal of Consulting and Clinical Psychology,16
Journal of Advanced Nursing,16
American Ethnologist,16
Journal of the National Medical Association,16
Nicotine & Tobacco Research,16
Addictive Behaviors,16
Perceptual and Motor Skills,16
Journal of College Student Psychotherapy,16
Social Cognition,16
The High School Journal,16
Psychotherapy,16
Human Development,16
Topics in Language Disorders,16
Developmental Science,16
"Families, Systems, & Health",16
Children and Youth Services Review,16
Public Health Nursing,15
AIDS Care,15
Ethics and Education,15
Journal of School Psychology,15
Youth & Society,15
Journal of Personality,15
Educational and Psychological Measurement,15
Analyses of Social Issues and Public Policy (ASAP),15
Journal of Organizational Behavior,15
Journal of Applied Developmental Psychology,15
Journal of Systemic Therapies,15
Frontiers in Psychology,15
Social Behavior and Personality,15
Health Care for Women International,15
Journal of Family Psychotherapy,15
Journal of Consumer Marketing,15
The Gerontologist,15
Educational Review,15
Feminist Theory,14
Cambridge Journal of Education,14
Asian Journal of Counselling,14
Journal of Applied Psychology,14
Journal of Marriage and the Family,14
Psychological Studies,14
Journal of Child Psychology and Psychiatry,14
Theory and Research in Social Education,14
Journal of Career Development,14
Visual Arts Research,14
Journal of Creativity in Mental Health,14
Journal of Clinical Child and Adolescent Psychology,14
Patient Education and Counseling,14
The Western Journal of Black Studies,14
American Journal of Family Therapy,14
Applied Psychology: An International Review,14
Discourse & Society,14
Obesity,14
Social Indicators Research,14
The Social Science Journal,14
Journal of Clinical Nursing,14
"Journal of Aggression, Maltreatment & Trauma",14
Journal of Youth Studies,14
Journal of Nutrition Education and Behavior,14
American Journal of Education,13
Journal for the Education of the Gifted,13
American Journal of Health Behavior,13
Journal of Research in Science Teaching,13
Journal of Research in Nursing,13
Journal of Contemporary Psychotherapy,13
Roeper Review: A Journal on Gifted Education,13
Journal of Experimental Child Psychology,13
Small Group Research,13
American Anthropologist,13
Inquiry: Critical Thinking Across the Disciplines,13
British Journal of Educational Psychology,13
British Journal of Developmental Psychology,13
The Journals of Gerontology: Series A: Biological Sciences and Medical Sciences,13
Journal of Early Childhood Literacy,13
Sexualities,13
Social Cognitive and Affective Neuroscience,13
Journal of Family Nursing,13
Ethos,13
International Journal of Group Psychotherapy,13
Journal of Psychology and Theology,12
Pedagogische Studien,12
The Journal of Individual Psychology,12
The Academy of Management Review,12
Journal of Career Assessment,12
International Journal of Neuroscience,12
Cancer Causes & Control,12
International Journal of Culture and Mental Health,12
JAMA: Journal of the American Medical Association,12
International Marketing Review,12
Educational Researcher,12
Psychology of Men & Masculinity,12
Journal of Research in Personality,12
Feminism & Psychology,12
School Psychology International,12
American Journal of Psychotherapy,12
Journal of Psychoactive Drugs,12
AIDS and Behavior,12
Personnel Psychology,12
International Journal of Behavioral Development,12
Journal of Psychology in Africa,12
International Journal of Nursing Studies,12
Journal of Gerontological Social Work,12
Journal of Applied School Psychology,12
Journal of Management Development,12
Journal of Psychotherapy Integration,12
Childhood: A Global Journal of Child Research,11
Computers in Human Behavior,11
Home Health Care Management & Practice,11
Journal of Humanistic Psychology,11
"Language, Speech, and Hearing Services in Schools",11
The School Community Journal,11
Infant Mental Health Journal,11
Journal of Nervous and Mental Disease,11
Qualitative Social Work: Research and Practice,11
Journal of World Business,11
Journal of Business Research,11
Annual Review of Sociology,11
Mentoring & Tutoring: Partnership in Learning,11
Pediatrics,11
Medical Care,11
Gestalt Review,11
Clinical Social Work Journal,11
Applied Cognitive Psychology,11
British Educational Research Journal,11
Asia Pacific Journal of Human Resources,11
Higher Education Research & Development,11
Human Relations,11
Development and Psychopathology,11
Journal of Epidemiology and Community Health,11
Journal of Literacy Research,11
Social Development,11
Canadian Journal of Counselling and Psychotherapy,11
American Journal of Evaluation,11
Organizational Dynamics,11
Studies in Second Language Acquisition,11
Medical Education,11
International Journal of Conflict Management,11
Asia Pacific Education Review,11
American Journal of Health Promotion,11
European Journal of Psychology of Education,11
Journal of Developmental and Behavioral Pediatrics,10
Journal of College Counseling,10
Family and Consumer Sciences Research Journal,10
Signs,10
Archives of Sexual Behavior,10
Sociology of Sport Journal,10
Reflective Practice,10
Journal of Family Therapy,10
International Journal of Social Research Methodology: Theory & Practice,10
Journal of Cross-Cultural Gerontology,10
Prevention Science,10
Revista Interamericana de Psicologia,10
International Journal of STD & AIDS,10
Elementary School Guidance & Counseling,10
International Journal of Consumer Studies,10
Women & Health,10
The Psychologist,10
AIDS Patient Care and STDs,10
Symbolic Interaction,10
Language Learning,10
"Mental Health, Religion & Culture",10
PLoS ONE,10
Journal of Cancer Education,10
Journal of Bisexuality,10
Contemporary Nurse,10
The Psychologist-Manager Journal,10
The Journals of Gerontology: Series B: Psychological Sciences and Social Sciences,10
Social Work in Health Care,10
Anthropologica,10
Journal of Family Psychology,10
Journal of Psychology in Chinese Societies,10
Education 3-13,10
Review of Higher Education: Journal of the Association for the Study of Higher Education,10
Management Decision,10
The British Journal of Psychiatry,10
Social Psychiatry and Psychiatric Epidemiology,10
Adult Education Quarterly,10
AeJAMH (Australian e-Journal for the Advancement of Mental Health),10
Educational Research and Evaluation,10
International Journal of Behavioral Medicine,9
International Social Science Journal,9
Sociological Spectrum,9
Child & Family Social Work,9
Cognition,9
PNAS Proceedings of the National Academy of Sciences of the United States of America,9
Cross-Cultural Research: The Journal of Comparative Social Science,9
International Journal of Early Years Education,9
Proceedings of the Annual Convention of the American Psychological Association,9
Journal of Abnormal Child Psychology,9
"Aviation, Space, and Environmental Medicine",9
Journal of Aging and Health,9
Scandinavian Journal of Management,9
Current Psychology: A Journal for Diverse Perspectives on Diverse Psychological Issues,9
Social Psychology of Education,9
International Journal of Sport and Exercise Psychology,9
British Journal of Educational Technology,9
British Journal of Social Psychology,9
Journal of Social Work Practice,9
Reading & Writing Quarterly: Overcoming Learning Difficulties,9
TCA Journal,9
Teaching in Higher Education,9
School Psychology Quarterly,9
Health Communication,9
Vision Research,9
Merrill-Palmer Quarterly,9
Intelligence,9
Anales de Psicologia,9
British Journal of Psychology,9
European Journal of Personality,9
Australian and New Zealand Journal of Psychiatry,9
Alcoholism: Clinical and Experimental Research,9
Annual Review of Psychology,9
Reading Research Quarterly,9
Gruppendynamik und Organisationsberatung,9
Psychology and Developing Societies,9
Social Neuroscience,9
Family & Community Health: The Journal of Health Promotion & Maintenance,9
European Journal of Psychological Assessment,9
International Nursing Review,9
Child & Youth Services,9
Journal of Genetic Counseling,9
International Psychogeriatrics,9
Psychology: The Journal of the Hellenic Psychological Society,9
Human Resource Management Review,8
Modern Language Journal,8
Journal of Lesbian Studies,8
Neuroepidemiology,8
Event Management,8
Nursing Inquiry,8
Physical Education and Sport Pedagogy,8
New Directions for Student Services,8
Applied Developmental Science,8
Music Therapy Perspectives,8
Leisure Studies,8
Journal of Health Communication,8
The New England Journal of Medicine,8
"Child: Care, Health and Development",8
Child & Youth Care Forum,8
Journal of Pragmatics,8
Assessment & Evaluation in Higher Education,8
Child Psychiatry and Human Development,8
Journal of Sex Research,8
Gifted Child Quarterly,8
Western Journal of Nursing Research,8
"Group Dynamics: Theory, Research, and Practice",8
Child Abuse & Neglect,8
The International Journal of Behavioral Nutrition and Physical Activity,8
Educational Gerontology,8
European Child & Adolescent Psychiatry,8
Alcoholism Treatment Quarterly,8
Journal of Consumer Psychology,8
Family Practice,8
Acta Sociologica,8
New Zealand Journal of Educational Studies,8
Journal of Loss and Trauma,8
Journal of Behavioral Medicine,8
Journal of Organizational Change Management,8
The Humanistic Psychologist,8
School Counselor,8
"Psychology, Public Policy, and Law",8
Exceptional Children,8
Journal for the Theory of Social Behaviour,8
Journal of Professional Nursing,8
Journal of Employment Counseling,8
Child and Adolescent Psychiatric Clinics of North America,8
Education,8
International Journal of Group Tensions,8
Aging & Mental Health,8
Nederlands Tijdschrift voor de Psychologie en haar Grensgebieden,8
Counselling and Spirituality / Counseling et spiritualite,8
Asia Pacific Journal of Counselling and Psychotherapy,8
Advances in Nursing Science,8
Social Work Research,8
The Canadian Journal of Psychiatry / La Revue canadienne de psychiatrie,8
Reading Psychology,8
The Elementary School Journal,8
Journal of Substance Abuse Treatment,8
Contemporary Educational Psychology,8
Public Opinion Quarterly,8
Journal of Advertising,8
Leadership & Organization Development Journal,8
Contemporary School Psychology,8
"Culture, Health & Sexuality",7
Sociology & Social Research,7
The Journal of Creative Behavior,7
Scandinavian Journal of Psychology,7
Neuropsychologia,7
Health Education Research,7
Traumatology,7
Child Abuse Review,7
Educational Action Research,7
"Journal of College Student Retention: Research, Theory and Practice",7
Ethics & Behavior,7
American Indian and Alaska Native Mental Health Research,7
Issues in Mental Health Nursing,7
Cahiers Internationaux de Psychologie Sociale,7
American Journal of Speech-Language Pathology,7
Journal of Allied Health,7
Journal of Psychiatric Research,7
"Psychology, Crime & Law",7
The Career Development International,7
Nursing Research,7
Eating Behaviors,7
Journal of Education for Students Placed at Risk,7
The Clinical Neuropsychologist,7
Dementia and Geriatric Cognitive Disorders,7
The Diabetes Educator,7
"Journal of Obstetric, Gynecologic, & Neonatal Nursing: Clinical Scholarship for the Care of Women, Childbearing Families, & Newborns",7
The Sport Psychologist,7
City & Community,7
Frontiers in Human Neuroscience,7
Psychiatric Quarterly,7
European Journal of Communication,7
Journal of Community Health: The Publication for Health Promotion and Disease Prevention,7
the Behavior Therapist,7
Journal of Asthma,7
The Lancet,7
The Leadership Quarterly,7
Journal of Pacific Rim Psychology,7
Sport in Society,7
Journal of Sociology and Social Welfare,7
Journal of Communication,7
Journal of Latina/o Psychology,7
Dissertation Abstracts,7
Journal of Non-White Concerns in Personnel & Guidance,7
International Journal of Stress Management,7
Revista de Psicologia,7
"Mind, Culture, and Activity",7
"Psychoanalysis, Culture & Society",7
Journal of Psychopathology and Behavioral Assessment,7
Sign Language Studies,7
Journal of Teaching in Physical Education,7
Applied & Preventive Psychology,7
Advances in Developing Human Resources,7
Educational Psychology,7
Psychological Services,7
Sociological Inquiry,7
Social Issues and Policy Review,7
The Journal of Politics,7
Journal of Vocational Behavior,7
Therapeutic Recreation Journal,7
Communication Theory,7
Journal of Religion and Health,7
Academy of Management Journal,7
Journal of Psychoeducational Assessment,7
Professional Psychology,7
International Journal of Adolescent Medicine and Health,7
Nordic Journal of Music Therapy,7
Group Decision and Negotiation,7
American Journal of Dance Therapy,7
British Journal of Psychotherapy,7
Psychonomic Bulletin & Review,7
Scandinavian Journal of Educational Research,7
Early Childhood Research Quarterly,7
Journal of Ethnicity in Substance Abuse,7
Men and Masculinities,7
Research in Dance Education,7
AIDS Education and Prevention,6
Group Analysis,6
"Assessment in Education: Principles, Policy & Practice",6
International Journal of Adolescence and Youth,6
Journal of Theoretical and Philosophical Psychology,6
Psychotherapy Research,6
Psychology of Addictive Behaviors,6
Clinical Child Psychology and Psychiatry,6
Journal of Health Care for the Poor and Underserved,6
Theory Into Practice,6
Research in Higher Education,6
Affilia: Journal of Women & Social Work,6
Clinical Psychology: Science and Practice,6
Asia-Pacific Journal of Public Health,6
Journal of Managerial Psychology,6
"Anxiety, Stress & Coping: An International Journal",6
Journal of Nursing Measurement,6
Megamot,6
Acta Psiquiatrica y Psicologica de America Latina,6
Annals of Tourism Research,6
Journal of the International Neuropsychological Society,6
Journal of Religion & Spirituality in Social Work: Social Thought,6
Learning Disabilities Research & Practice,6
Violence Against Women,6
Cognitive and Behavioral Practice,6
Science,6
Personnel Review,6
Journal of Muslim Mental Health,6
The Journal of Socio-Economics,6
Public Personnel Management,6
Child Psychology & Psychiatry & Allied Disciplines,6
Journal of Nutrition Education,6
BMJ: British Medical Journal,6
Psychologische Beitrage,6
Journal of the American Academy of Psychiatry and the Law,6
The Journal of Analytical Psychology,6
Administration & Society,6
Human Resource Management,6
"Journal of Experimental Psychology: Learning, Memory, and Cognition",6
New Ideas in Psychology,6
Psychological Inquiry,6
Body Image,6
Journal of Affective Disorders,6
The International Journal of Psychoanalysis,6
Social Justice Research,6
Psychology of Religion and Spirituality,6
Personnel & Guidance Journal,6
International Journal of Applied Psychoanalytic Studies,6
Aggression and Violent Behavior,6
Childhood Education,6
Children & Schools,6
Social Casework,6
Australian & New Zealand Journal of Sociology,6
Western Journal of Communication,6
Australian Social Work,6
Ageing & Society,6
Mass Communication & Society,6
Psicothema,6
Deafness & Education International,6
Journal of Applied Gerontology,6
Rassegna di Psicologia,6
Journal of Business Ethics,6
Canadian Review of Sociology,6
Kuram ve Uygulamada Egitim Bilimleri,6
Scandinavian Journal of Caring Sciences,6
Journal of Cognitive Education and Psychology,6
Simulation & Gaming,6
Accounting Education,6
International Journal of Hospitality Management,6
Clinical Gerontologist: The Journal of Aging and Mental Health,6
Social Anthropology / Anthropologie Sociale,6
BMC Psychiatry,6
Current Research in Social Psychology,6
Journal of Cultural and Evolutionary Psychology,6
Infancy,6
Academic Psychiatry,6
Journal of Research in Childhood Education,6
ANZJFT Australian and New Zealand Journal of Family Therapy,6
Journal of Prevention & Intervention in the Community,6
Journal of Research in Music Education,6
Research in the Schools,6
"International Journal of Disability, Development and Education",6
European Management Journal,6
"Intervention: International Journal of Mental Health, Psychosocial Work & Counselling in Areas of Armed Conflict",6
Chinese Journal of Psychology,6
Journal of Criminal Justice,6
Journal of Sociolinguistics,6
Journal of Social Work,6
Current Directions in Psychological Science,6
Emotion,6
JANAC: Journal of the Association of Nurses in AIDS Care,6
The Journal of Special Education,6
The Journal of Behavioral Health Services & Research,6
Military Medicine,6
British Journal of Music Education,6
NYS Psychologist,6
Journal of Family Studies,6
International Journal of Mental Health Promotion,6
Spirituality in Clinical Practice,6
Administration in Social Work,5
Clinical Case Studies,5
North American Journal of Psychology,5
Language & Communication,5
Journal of Aging Studies,5
Journal of the American Academy of Nurse Practitioners,5
Advances in Health Sciences Education,5
Anuario de Psicologia,5
Australian Occupational Therapy Journal,5
Journal of Mind and Behavior,5
Estudos de Psicologia,5
Hrvatska Revija Za Rehabilitacijska Istrazivanja,5
Journal of Leisure Research,5
Oncology Nursing Forum,5
European Journal of Public Health,5
Journal of Addictions & Offender Counseling,5
Birth: Issues in Perinatal Care,5
Suicide and Life-Threatening Behavior,5
Management and Organization Review,5
Contemporary Psychoanalysis,5
Journal of Marketing Education,5
Journal of Interprofessional Care,5
International Journal of Eating Disorders,5
"Journal of Neurology, Neurosurgery & Psychiatry",5
Cognition and Emotion,5
Journal of Intergenerational Relationships,5
Journal of Studies on Alcohol,5
JAMA Neurology,5
Conflict Resolution Quarterly,5
Journal of Learning Disabilities,5
Journal of Consciousness Studies,5
School Social Work Journal,5
Addiction Research & Theory,5
Australian & New Zealand Journal of Mental Health Nursing,5
Eating Disorders: The Journal of Treatment & Prevention,5
Journal of Family History,5
Qualitative Market Research: An International Journal,5
Journal of Drug Education,5
Counselling & Psychotherapy Research,5
Journal of Nursing Scholarship,5
Journal of Knowledge Management,5
Journal of Gender Studies,5
Psychology,5
Journal for the Psychoanalysis of Culture & Society,5
"Journal of Religion, Spirituality & Aging",5
Nursing Ethics,5
International Journal of Obesity,5
AEP (Association of Educational Psychologists) Journal,5
Canadian Journal of Program Evaluation,5
School Review,5
Person-Centered and Experiential Psychotherapies,5
Bulletin of the Psychonomic Society,5
Health & Social Care in the Community,5
Ricerche di Psicologia,5
Journal of Pediatric Psychology,5
Intensive and Critical Care Nursing,5
Annals of Neurology,5
Journal of Clinical Child Psychology,5
Journal of Gay & Lesbian Social Services: The Quarterly Journal of Community & Clinical Practice,5
Journal of Drug Issues,5
Journal of Management & Organization,5
Educational Administration Quarterly,5
Literacy,5
Field Methods,5
Perspectives in Psychiatric Care,5
Federal Probation,5
Sociometry,5
Journal of Communication Management,5
"Community, Work & Family",5
Journal of Medical Internet Research,5
Group & Organization Management,5
Nordic Journal of Psychiatry,5
Revista Latinoamericana de Psicologia,5
Qualitative Health Research,5
"Journal of Child Sexual Abuse: Research, Treatment, & Program Innovations for Victims, Survivors, & Offenders",5
Appetite,5
Self and Identity,5
Management Learning,5
Journal of Vocational Rehabilitation,5
Journal of Health Psychology,5
Journal of Contemporary Ethnography,5
Journal of College Student Personnel,5
Journal of Medical Ethics: Journal of the Institute of Medical Ethics,5
European Journal of Psychotherapy and Counselling,5
Journal of Computer-Mediated Communication,5
Clinical Nursing Research,5
Journal of Physical Activity & Health,5
Journal of Russian & East European Psychology,5
Journal of Sexual Medicine,5
Criminal Justice and Behavior,5
Journal of American College Health,5
Rorschachiana,5
Journal of the Indian Academy of Applied Psychology,5
Journal of Emotional and Behavioral Disorders,5
Journal of Experimental Psychology: Human Perception and Performance,5
Creativity Research Journal,5
Psychological Perspectives,5
Journal of Workplace Learning,5
Dementia: The International Journal of Social Research and Practice,5
Psychology Learning & Teaching,5
Behavior Therapy,5
Seminars in Speech and Language,4
Medical Teacher,4
Revista de Psicologia Social,4
Radical Pedagogy,4
Journal of Bioethical Inquiry,4
The American Journal of Drug and Alcohol Abuse,4
International Journal of Public Opinion Research,4
American Journal of Occupational Therapy,4
Psychology & Marketing,4
Health Services Research,4
New Media & Society,4
NeuroReport: For Rapid Communication of Neuroscience Research,4
The Journal of Positive Psychology,4
Employee Relations,4
Memory & Cognition,4
Journal of School Violence,4
EJSS European Journal for Sport and Society,4
In Session: Psychotherapy in Practice,4
Practice: Social Work in Action,4
Revue Belge de Psychologie et de Pedagogie,4
International Journal of Testing,4
Behaviour Change,4
Peabody Journal of Education,4
Policing & Society,4
Psychologia a Patopsychologia Dietata,4
European Journal of Work and Organizational Psychology,4
Cahiers de Psychologie Cognitive/Current Psychology of Cognition,4
Social Psychology,4
The American Journal on Addictions,4
Child Care in Practice,4
American Psychiatric Press Review of Psychiatry,4
Journal of Marketing,4
Child Language Teaching and Therapy,4
Journal of Psychosocial Oncology,4
Psychiatriki,4
Humboldt Journal of Social Relations,4
Educational Technology Research and Development,4
Evaluation & the Health Professions,4
Young Children,4
Annual Progress in Child Psychiatry & Child Development,4
Child Study Journal,4
Journal of Architectural and Planning Research,4
Journal of Leadership & Organizational Studies,4
Revue Internationale de Psychologie Sociale,4
Advances in School Mental Health Promotion,4
Qualitative Research in Psychology,4
International Journal of Psychiatry in Medicine,4
Health & Social Work,4
International Journal for Educational and Vocational Guidance,4
Tourism Management,4
The Journal of School Nursing,4
Enfance,4
Violence and Victims,4
Accident Analysis and Prevention,4
The Journal of Men's Studies,4
Marketing Theory,4
Journal of Nonprofit & Public Sector Marketing,4
Archives of General Psychiatry,4
Hispanic Health Care International,4
Gedrag & Gezondheid: Tijdschrift voor Psychologie en Gezondheid,4
Sleep: Journal of Sleep and Sleep Disorders Research,4
Human Organization,4
Perspectives on Psychological Science,4
The Journal of Abnormal and Social Psychology,4
Topique: Revue Freudienne,4
IEEE Transactions on Professional Communication,4
Child & Family Behavior Therapy,4
Ethik in der Medizin,4
Journal of Social Service Research,4
International Forum of Psychoanalysis,4
Religious Education,4
Journal of Technology in Human Services,4
Applied Social Psychology Annual,4
Sexuality and Disability,4
Early Years: An International Journal of Research and Development,4
Swiss Journal of Psychology,4
Journal of Jewish Education,4
American Journal of Men's Health,4
Journal of Consumer Research,4
Sleep Medicine,4
Pain Management Nursing,4
Educational Psychology in Practice,4
Applied Research in Quality of Life,4
Hospital & Community Psychiatry,4
Journal of Social Behavior & Personality,4
Child and Adolescent Mental Health,4
Humor: International Journal of Humor Research,4
Journal of the American Psychoanalytic Association,4
Asian American Psychological Association Journal,4
"Work: Journal of Prevention, Assessment & Rehabilitation",4
Journal of Management Education,4
Psychiatria Danubina,4
Review of General Psychology,4
Communication Research,4
Organization Development Journal,4
The Volta Review,4
Journal of Palliative Medicine,4
Rehabilitation Psychology,4
Journal of the History of the Behavioral Sciences,4
Current Opinion in Psychiatry,4
Social Work in Education,4
Systemic Practice and Action Research,4
Journal of Broadcasting & Electronic Media,4
Psychophysiology,4
Pragmatic Case Studies in Psychotherapy,4
NeuroImage,4
Cognitive Science,4
"Journal of Professional Counseling: Practice, Theory, & Research",4
Crisis: The Journal of Crisis Intervention and Suicide Prevention,4
Early Education and Development,4
Revue Quebecoise de Psychologie,4
International Journal of Behavioral Consultation and Therapy,4
International Journal of Early Childhood,4
Journal of Evaluation in Clinical Practice,4
Ethnicity and Inequalities in Health and Social Care,4
Acta Paediatrica,4
Journal of Scandinavian Studies in Criminology and Crime Prevention,4
Infancia y Aprendizaje / Journal for the Study of Education and Development,4
International Journal of Selection and Assessment,4
Journal of Vision,4
Journal of Family Communication,4
Marketing Intelligence & Planning,4
Electronic Journal of Research in Educational Psychology,4
Journal of Environmental Psychology,4
"Psychological Trauma: Theory, Research, Practice, and Policy",4
Alzheimer Disease and Associated Disorders,4
Addiction,4
Mortality,4
Integrative Psychological & Behavioral Science,4
Journal of Cognitive Neuroscience,4
The Journal of Genetic Psychology: Research and Theory on Human Development,4
Journal of Occupational and Organizational Psychology,4
Journal of GLBT Family Studies,4
Health Care Analysis,4
Journal of Homosexuality,4
European Review of Social Psychology,4
Groupwork: An Interdisciplinary Journal for Working with Groups,4
Israel Journal of Psychiatry and Related Sciences,4
Journal of Applied Communication Research,4
Epilepsy & Behavior,4
The Quarterly Journal of Experimental Psychology,4
Asia Pacific Journal of Management,4
Comprehensive Psychiatry,4
International Review for the Sociology of Sport,4
International Journal of Psychology & Psychological Therapy,4
Archives of Psychiatric Nursing,4
The American Journal of Psychoanalysis,4
Research Studies in Music Education,4
Journal of Cognition and Culture,4
Reading Teacher,4
Cultural-Historical Psychology,4
Counseling Outcome Research and Evaluation,4
Interpersonal Development,3
Psychodynamic Counselling,3
Journal of Immigrant Health,3
Child and Adolescent Psychiatry and Mental Health,3
Education for Health: Change in Learning & Practice,3
AIDS,3
Rivista di Psichiatria,3
"Journal of Psychology in Africa; South of the Sahara, the Caribbean, and Afro-Latin America",3
Breastfeeding Medicine,3
Tourist Studies,3
Qualitative Psychology,3
Canadian Journal of Human Sexuality,3
International Journal of Geriatric Psychiatry,3
Archives of Clinical Neuropsychology,3
Analise Psicologica,3
Journal of Educational Sociology,3
Sex Education,3
Journal of Child Health Care,3
Psychiatric Genetics,3
Feminist Criminology,3
Emotional & Behavioural Difficulties,3
Developmental Psychobiology,3
Psychoanalytic Review,3
Journal of the American Academy of Psychoanalysis,3
Harvard Review of Psychiatry,3
Social Science Computer Review,3
Assessment,3
Behavior Genetics,3
The American Journal of Psychology,3
Systems Research and Behavioral Science,3
Journal of Educational Multimedia and Hypermedia,3
International Journal of Research in Marketing,3
Health & Place,3
Journal of Historical Sociology,3
LGBT Health,3
Social Work in Mental Health,3
European Journal of Marketing,3
"Gender, Work and Organization",3
Journal of Public Policy & Marketing,3
Psychology in Russia: State of the Art,3
Journal of Social Work in End-of-Life & Palliative Care,3
Journal of Public Health,3
"Preventing Chronic Disease: Public Health Research, Practice, and Policy",3
Journal of Community Health Nursing,3
Journal of Clinical Psychiatry,3
Journal of LGBT Youth,3
"Health, Risk & Society",3
Psychiatry Research,3
"Global Public Health: An International Journal for Research, Policy and Practice",3
International Journal of Transpersonal Studies,3
Reading Research and Instruction,3
Educational Evaluation and Policy Analysis,3
Psychiatry,3
Health Education Quarterly,3
Neuropsychiatrie de l'Enfance et de l'Adolescence,3
International Journal of the Addictions,3
CJNR: Canadian Journal of Nursing Research,3
International Review of Applied Psychology,3
Behavioral and Brain Sciences,3
International Journal of Speech-Language Pathology,3
Journal of Women & Aging,3
Criminology: An Interdisciplinary Journal,3
Psychiatry: Interpersonal and Biological Processes,3
Sexual & Marital Therapy,3
Journal of Sandplay Therapy,3
International Journal of Language & Communication Disorders,3
Acta Psychiatrica Scandinavica,3
Journal of Intellectual Disability Research,3
Canadian Journal of Music Therapy,3
Hellenic Journal of Psychology,3
Peace and Conflict Studies,3
Journal of Business and Psychology,3
Mental Health and Substance Use,3
The Journal of Environmental Education,3
"Technology, Pedagogy and Education",3
Interdisciplinaria Revista de Psicologia y Ciencias Afines,3
"Cyberpsychology, Behavior, and Social Networking",3
Journal of Studies on Alcohol and Drugs,3
Tidsskrift for Norsk Psykologforening,3
Special Services in the Schools,3
Community Mental Health in New Zealand,3
L1-Educational Studies in Language and Literature,3
California Journal of Educational Research,3
Journal of Training & Practice in Professional Psychology,3
Australian Journal of Psychology,3
Psychology of Music,3
Richard e Piggle,3
Journal of Consumer Behaviour,3
Written Communication,3
Journal of Applied Social Sciences,3
Environment and Behavior,3
Canadian Journal of Experimental Psychology/Revue canadienne de psychologie experimentale,3
Learning Disability Quarterly,3
Evaluation Review,3
"Policy, Politics, & Nursing Practice",3
Journal of Human Nutrition and Dietetics,3
Annales Medico-Psychologiques,3
Journal of Managerial Issues,3
Safety Science,3
Revista Portuguesa de Psicanalise,3
Scandinavian Journal of Public Health,3
"Disability and Rehabilitation: An International, Multidisciplinary Journal",3
Career Development for Exceptional Individuals,3
Journal of Social and Clinical Psychology,3
Journal of Psychophysiology,3
"Psychiatry, Psychology and Law",3
Tohoku Psychologica Folia,3
Journal of Nursing Management,3
Political Behavior,3
Interpreting,3
Canadian Journal on Aging,3
Journal of Cancer Survivorship,3
"Learning, Media and Technology",3
Psychanalystes,3
European Journal of Developmental Psychology,3
Journal of Sport & Social Issues,3
"Psicologia: Teoria, Investigacao e Pratica",3
Depression and Anxiety,3
European Review of Applied Psychology / Revue Europeenne de Psychologie Appliquee,3
Dreaming,3
Asia-Pacific Journal of Teacher Education,3
Musiktherapeutische Umschau,3
Psicologia & Sociedade,3
Pain,3
International Journal of Nursing Practice,3
Active Learning in Higher Education,3
Sexuality Research & Social Policy: A Journal of the NSRC,3
International Journal of Applied Linguistics,3
Journal of Gay & Lesbian Mental Health,3
Australasian Psychiatry,3
Death Studies,3
Journal of International Consumer Marketing,3
Australasian Journal on Ageing,3
"European Journal of Psychotherapy, Counselling and Health",3
Psychoneuroendocrinology,3
Chinese Journal of Clinical Psychology,3
Epidemiology and Psychiatric Sciences,3
Research in Science & Technological Education,3
Primary Health Care Research and Development,3
Journal of Pain and Symptom Management,3
Communication Monographs,3
Interazioni,3
Journal of HIV/AIDS Prevention & Education for Adolescents & Children,3
Mathematical Thinking and Learning,3
Journal of Divorce & Remarriage,3
Clinical Child and Family Psychology Review,3
Bulletin of the Hong Kong Psychological Society,3
Generations: Journal of the American Society on Aging,3
General Hospital Psychiatry,3
Acta Psychologica Sinica,3
European Journal of Pain,3
"Psychology, Health & Medicine",3
Howard Journal of Criminal Justice,3
School Effectiveness and School Improvement,3
Theory & Psychology,3
International Journal for Human Caring,3
Journal of HIV/AIDS & Social Services,3
Crime Prevention and Community Safety,3
Journal of Sex & Marital Therapy,3
Journal of Children in Contemporary Society,3
Studies in Gender and Sexuality,3
Psychologie Francaise,3
Psychological Science (China),3
Educational Research Quarterly,3
Psychology and Education: An Interdisciplinary Journal,3
American Imago,3
Journal of Public Relations Research,3
Cortex: A Journal Devoted to the Study of the Nervous System and Behavior,3
Games and Culture: A Journal of Interactive Media,3
"Sport, Education and Society",3
Sociology of Health & Illness,3
Journal of Clinical Sport Psychology,3
Clinical Linguistics & Phonetics,3
Human Resource Development Quarterly,3
Human Resource Development Review,3
Omega: Journal of Death and Dying,3
Journal of Conflict Resolution,3
Empirical Studies of the Arts,3
"Journal of Gay & Lesbian Social Services: Issues in Practice, Policy & Research",3
"OTJR: Occupation, Participation and Health",3
International Journal of Reality Therapy,3
Journal of Music Therapy,3
Cancer,3
Atisbos,3
Journal of Autism and Developmental Disorders,3
Research in Social & Administrative Pharmacy,3
Psychology & Health,3
Bulletin de Psychologie,3
Journal of Biosocial Science,3
Language Sciences,3
African Journal of Psychiatry,3
Journal of Paediatrics and Child Health,3
British Journal of Management,3
Research in Nursing & Health,3
Journal of Alzheimer's Disease,3
Behaviormetrika,3
Applied Neuropsychology,3
Evolutionary Psychology,3
Psykhe: Revista de la Escuela de Psicologia,3
Ecologia della Mente,3
Disability & Society,3
Psi Chi Journal of Psychological Research,3
Psycho-analytic Psychotherapy in South Africa,3
Organization Studies,3
International Journal for the Psychology of Religion,3
"Drugs: Education, Prevention & Policy",3
Acta Psychologica,3
American Journal of Hospice & Palliative Medicine,3
Canadian Review of Sociology and Anthropology,3
Turk Psikoloji Yazilari,3
Teaching and Learning in Medicine,3
Journal of the Gay & Lesbian Medical Assn,3
Eta Evolutiva,3
Gifted Education International,3
Nature Neuroscience,3
Genetic Psychology Monographs,3
Journal of Interactive Learning Research,3
International Journal of Mental Health Nursing,3
The Psychoanalytic Quarterly,3
International Journal of Older People Nursing,3
Journal of Progressive Human Services,3
Psychoanalytic Inquiry,3
RASE: Remedial & Special Education,3
Nonprofit Management and Leadership,3
Narrative Inquiry,3
Evaluation and Program Planning,3
The Spanish Journal of Psychology,3
PSICO,3
Time & Society,3
Literacy Research and Instruction,3
Psychology: A Journal of Human Behavior,3
Australian Journal of Music Therapy,3
Leisure Sciences,3
Journal of Child Language,2
Revista de Psicologia del Trabajo y de las Organizaciones,2
Sociological Methods & Research,2
Canadian Journal of Community Mental Health,2
Journal of Psychiatric and Mental Health Nursing,2
GIPO Giornale Italiano Di Psicologia Dell'Orientamento,2
Tobacco Control: An International Journal,2
Psychology of Popular Media Culture,2
Psycholoog,2
Apuntes de Psicologia,2
Journal of Prenatal & Perinatal Psychology & Health,2
Cahiers Jungiens de Psychanalyse,2
Revista Brasileira de Psiquiatria,2
Australian and New Zealand Journal of Criminology,2
International Journal of Evidence Based Coaching and Mentoring,2
International Journal of Offender Therapy and Comparative Criminology,2
The Journal of Head Trauma Rehabilitation,2
"Information, Communication & Society",2
Praxis der Kinderpsychologie und Kinderpsychiatrie,2
Dramatherapy,2
Psicologia Contemporanea,2
"Work, Employment and Society",2
Occupational Therapy International,2
Journal of Educational Computing Research,2
Issues in Psychoanalytic Psychology,2
Psycho-Oncology,2
European Sport Management Quarterly,2
Revista de Psicoanalisis de la Asociacion Psicoanalitica de Madrid,2
Educational Technology,2
Journal of Adventure Education and Outdoor Learning,2
Neuropsychology Review,2
Interaction Studies: Social Behaviour and Communication in Biological and Artificial Systems,2
International Journal of Sexuality & Gender Studies,2
Human Communication Research,2
Journal of Alcohol and Drug Education,2
Legal and Criminological Psychology,2
Medicine & Science in Sports & Exercise,2
International Journal of Mental Health and Addiction,2
Journal of Social Work & Human Sexuality,2
Psyche en Geloof,2
Organization Science,2
Canadian Journal of Criminology and Criminal Justice,2
Journal of Palliative Care,2
"Criminal Justice Studies: A Critical Journal of Crime, Law & Society",2
Adolescent Psychiatry,2
International Journal of Productivity and Performance Management,2
Representative Research in Social Psychology,2
Theoretical Criminology,2
Asian Journal of Psychiatry,2
Human Performance in Extreme Environments,2
Japanese Psychological Research,2
AAC: Augmentative and Alternative Communication,2
Revista de Psicologia Social Aplicada,2
Journal of Experimental Psychology: General,2
Psychosocial Rehabilitation Journal,2
Australian and New Zealand Journal of Family Therapy,2
International Journal of Tourism Research,2
The Journal of Pediatrics,2
Journal of Constructivist Psychology,2
Nursing & Health Sciences,2
Journal of Education for Business,2
Annual Review of Anthropology,2
The Journal of Pain,2
Environmental Education Research,2
Cuadernos de Psicologia del Deporte,2
Journal of Adult Development,2
Revista Argentina de Clinica Psicologica,2
Journal of Global Marketing,2
Psychiatry: Journal for the Study of Interpersonal Processes,2
Fathering,2
Revista Puertorriquena de Psicologia,2
Journal of Offender Rehabilitation,2
Zeitschrift fur Individualpsychologie,2
Journal of Small Business Management,2
Psychotherapies,2
Education and Training in Developmental Disabilities,2
Journal of Emotional Abuse,2
International Journal of Market Research,2
Human Nature,2
Analytische Psychologie,2
Musicae Scientiae,2
Journal of Gambling Studies,2
Personal Relationships,2
Pain Medicine,2
Journal of Sport Behavior,2
Journal of Early Intervention,2
Practice,2
Journal of Addictions Nursing,2
Jung Journal: Culture & Psyche,2
Nebraska Symposium on Motivation,2
Pride Institute Journal of Long Term Home Health Care,2
Journal of Media and Religion,2
Psicologia: Reflexao e Critica,2
JAMA Psychiatry,2
Learning and Instruction,2
Bollettino di Psicologia Applicata,2
The Journal of Psychohistory,2
Journal of Family Violence,2
Revista Uruguaya de Psicoanalisis,2
Behavioral Neuroscience,2
Perception & Psychophysics,2
Focus on Learning,2
Zeitschrift fur Personalforschung,2
Population and Environment: A Journal of Interdisciplinary Studies,2
Journal of Mathematical Psychology,2
ReCALL: Journal of Eurocall,2
Anthropology & Medicine,2
Journal of Personnel Psychology,2
Applied Linguistics,2
Journal of Independent Social Work,2
Drugs & Society,2
Perspectives in Biology and Medicine,2
Journal of Reproductive and Infant Psychology,2
Memory,2
The Journal of Family Practice,2
"The International Review of Retail, Distribution and Consumer Research",2
Canadian Medical Association Journal,2
Australian Journal of Guidance and Counselling,2
International Forum for Logotherapy,2
The Open Psychology Journal,2
Psychology Teaching Review,2
American Journal of Criminal Justice,2
European Psychiatry,2
International Journal of Qualitative Studies on Health and Well-being,2
"Psychology of Aesthetics, Creativity, and the Arts",2
The Future of Children,2
Psychological Monographs,2
International Journal of Drug Policy,2
Issues in Radical Therapy,2
Administration and Policy in Mental Health,2
Journal of Anxiety Disorders,2
The Behavior Analyst Today,2
Journal of Midwifery & Women's Health,2
Cognitive Therapy and Research,2
Biological Psychology,2
Phylon,2
Qualitative Research,2
"Politics, Philosophy & Economics",2
L'Evolution Psychiatrique,2
American Journal of Sexuality Education,2
European Journal of Neurology,2
Exceptionality,2
Family Court Review,2
Experimental Brain Research,2
Journal of Family and Economic Issues,2
Brain Topography,2
National Reading Conference Yearbook,2
The International Journal of Creativity & Problem Solving,2
Journal of Communication Disorders,2
Journal of Psychological Practice,2
Clinical Practice and Epidemiology in Mental Health,2
Journal of the British Association of Psychotherapists (BAP),2
Cerebral Cortex,2
"Evaluation: The International Journal of Theory, Research and Practice",2
Journal of Reality Therapy,2
Journal of Material Culture,2
The Clinical Journal of Pain,2
Magyar Pszichologiai Szemle,2
Public Administration Review,2
Negotiation and Conflict Management Research,2
MCN: The American Journal of Maternal/Child Nursing,2
School Mental Health,2
Journal of Housing,2
Journal of Research in Reading,2
Chinese Journal of Guidance and Counseling,2
Social Networks,2
Education & Treatment of Children,2
International Journal of Transgenderism,2
Directions in Psychiatry,2
Journal of the American Academy of Child Psychiatry,2
Delta,2
Journal of Mental Health and Aging,2
Journal of Child and Adolescent Mental Health,2
Behavioral Sciences & the Law,2
Primary Psychiatry,2
Journal of Abnormal Psychology,2
Sexuality & Culture: An Interdisciplinary Quarterly,2
Research in Human Development,2
Written Language and Literacy,2
Computer Assisted Language Learning,2
The Psychological Record,2
Behaviour Research and Therapy,2
Ethical Human Sciences & Services,2
Infant-Toddler Intervention,2
Actas Espanolas de Psiquiatria,2
Journal for Research in Mathematics Education,2
Giornale Italiano di Psicologia,2
Journal of Psychology & Human Sexuality,2
International Journal of Women's Studies,2
Netherlands' Journal of Social Sciences,2
Journal of Visual Impairment & Blindness,2
Behaviour,2
Journal of Psychosomatic Research,2
Psychotherapeut,2
Journal of Pastoral Care,2
Women's Health Issues,2
Journal of the American Psychiatric Nurses Association,2
Journal of Phenomenological Psychology,2
Journal of the Neurological Sciences,2
Il Vaso di Pandora,2
The European Journal of Psychiatry,2
Psychiatry and Clinical Neurosciences,2
Advances in Mental Health,2
Journal of Teacher Education (US),2
Journal of Applied Research in Memory and Cognition,2
Brain Research,2
Psychology of Violence,2
Communication & Cognition,2
Journal of the Association for Persons with Severe Handicaps,2
Gruppi,2
Arab Journal of Psychiatry,2
Revista de Psihologie,2
Psychoanalytic Social Work,2
Proceedings of the American Philosophical Society,2
Terrorism and Political Violence,2
Primary Care Diabetes,2
Journal of Occupational Science,2
Journal of Education and Work,2
Journal of Cognitive Education,2
Administrative Science Quarterly,2
International Medical Journal,2
Electronic Journal of Business Ethics and Organization Studies,2
Administration and Policy in Mental Health and Mental Health Services Research,2
Innovations in Education and Teaching International,2
Medical Care Research and Review,2
Ensenanza de las Ciencias Revista de investigacion y experiencias didacticas,2
The Journal of Mathematical Behavior,2
Marriage & Family: A Christian Journal,2
Existential Analysis,2
The Irish Journal of Psychology,2
Annals of Family Medicine,2
Psychodynamic Psychiatry,2
Biometrie Humaine,2
Journal of Medical Speech-Language Pathology,2
Child Development Perspectives,2
Early Intervention in Psychiatry,2
Revista de Psicologia Social y Personalidad,2
Education & Training,2
JAIDS Journal of Acquired Immune Deficiency Syndromes,2
Nervenheilkunde: Zeitschrift fur interdisziplinaere Fortbildung,2
Journal of Psychosocial Nursing and Mental Health Services,2
The Journal of Baccalaureate Social Work,2
"Psychodynamic Practice: Individuals, Groups and Organisations",2
Monographs of the Society for Research in Child Development,2
Psicologia Sociale,2
Management Education & Development,2
Journal of Social Work Practice in the Addictions,2
Journal of Contingencies and Crisis Management,2
"Crime, Media, Culture",2
Work and Occupations,2
Interchange,2
Athletic Insight: The Online Journal of Sport Psychology,2
Research and Theory for Nursing Practice: An International Journal,2
Zeitschrift fur Soziologie,2
Scandinavian Audiology Supplement,2
Archives of Gerontology and Geriatrics,2
International Journal of Psychophysiology,2
Applied Ergonomics,2
Employee Assistance Quarterly,2
Psychological Injury and Law,2
International Journal of Technology and Human Interaction (IJTHI),2
Victims & Offenders,2
Journal of General Psychology,2
The British Journal of Occupational Therapy,2
Mental Retardation,2
Journal of Workplace Behavioral Health,2
Behaviour & Information Technology,2
Research on Language and Social Interaction,2
Residential Treatment for Children & Youth,2
Southern African Journal of Child & Adolescent Psychiatry,2
Ceskoslovenska Psychologie,2
Child Maltreatment,2
"International Perspectives in Psychology: Research, Practice, Consultation",2
Small Group Behavior,2
Journal of Developmental and Physical Disabilities,2
Journal of Intellectual and Developmental Disability,2
Folia Phoniatrica et Logopaedica,2
"Philosophy, Psychiatry, & Psychology",2
Journal of Traumatic Stress,2
Behavioral Disorders,2
Focus on Autism and Other Developmental Disabilities,2
Psicologia: Teoria e Pesquisa,2
Educational Psychology Review,2
Psychotherapy in Private Practice,2
Journal of Economic Psychology,2
Bulletin of Educational Psychology,2
New Directions for Testing & Measurement,2
Experimental Aging Research,2
Brain Injury,2
Reviews in the Neurosciences,2
"Mind, Brain, and Education",2
IFE Psychologia: An International Journal,2
Bulletin d'Etudes et Recherches Psychologiques,2
Cancer Nursing,2
Computers & Education,2
Journal of Child & Adolescent Substance Abuse,2
"Genetic, Social, and General Psychology Monographs",2
Exceptionality Education International,2
L'Encephale: Revue de psychiatrie clinique biologique et therapeutique,2
International Journal of Training and Development,2
Terapia Familiare: Rivista Interdisciplinare di Ricerca e Intervento Relazionale,2
International Journal of Advertising: The Quarterly Review of Marketing Communications,2
Psychonomic Science,2
Journal of Research in Crime and Delinquency,2
Journal of Women's Health & Gender-Based Medicine,2
The International Journal of Educational and Psychological Assessment,2
Psicologia: Revista da Associacao Portuguesa Psicologia,2
Police Practice & Research: An International Journal,2
The International Journal of Aging & Human Development,2
The Academy of Management Perspectives,2
International Journal of Psychology: A Biopsychosocial Approach / Tarptautinis psichilogijos zurnalas: Biopsichosocialinis poziuris,2
Journal of Computing in Childhood Education,2
International Journal of Child Health and Human Development,2
International Journal of Sexual Health,1
Annual Review of CyberTherapy and Telemedicine,1
British Journal of Learning Disabilities,1
Journal of Divorce,1
Vulnerable Children and Youth Studies,1
De Juventud: Revista de Estudios e Investigaciones,1
International Journal of Clinical and Health Psychology,1
International Journal of Contemporary Hospitality Management,1
Psykologia,1
Spanish Speaking Mental Health Research Center Occasional Papers,1
Assessment for Effective Intervention,1
Journal of Psychological Type,1
Journal of Social Work Research and Evaluation,1
Canadian Journal of Criminology & Corrections,1
Gedrag: Tijdschrift voor Psychologie,1
Bulletin of the Menninger Clinic,1
Journal of the Association for Music & Imagery,1
BMC Medical Ethics,1
Devenir,1
Journal of Research in Special Educational Needs,1
Lifestyles,1
Journal of Experimental Education,1
The Psychiatrist,1
Mental Hygiene. New York,1
Journal of Addictive Diseases,1
Japanese Journal of Educational Psychology,1
Epidemiologia e Psichiatria Sociale,1
Neurobiology of Aging,1
"Journal of Speech, Language, and Hearing Research",1
"International Journal of Action Methods: Psychodrama, Skill Training, and Role Playing",1
Psychologie in Erziehung und Unterricht,1
International Journal of Discrimination and the Law,1
Evolutionary Behavioral Sciences,1
European Journal of Cognitive Psychology,1
Information & Management,1
Revista Brasileira de Psicanalise,1
L'Annee Psychologique,1
The Academy of Management Annals,1
ASHA Reports Series (American Speech-Language-Hearing Association),1
Trends in Cognitive Sciences,1
History of the Human Sciences,1
Educational Psychologist,1
New York State Education,1
Population Health Management,1
Learning and Individual Differences,1
Journal of Fluency Disorders,1
International Quarterly of Community Health Education,1
American Journal of Physical Anthropology,1
Research in Race & Ethnic Relations,1
Employee Responsibilities and Rights Journal,1
Canadian Police College Journal,1
Clinical Sociology Review,1
Dynamische Psychiatrie,1
Psychologia: An International Journal of Psychological Sciences,1
Journal of the Association for the Study of Perception,1
Journal of Memory and Language,1
Psychologia Wychowawcza,1
Neurorehabilitation and Neural Repair,1
"Journal of Neuroscience, Psychology, and Economics",1
Cancer Practice,1
Value in Health,1
Apprentissage et Socialisation,1
International Journal of Sport Psychology,1
Neuropsychology,1
Law and Human Behavior,1
"Philosophy, Ethics, and Humanities in Medicine",1
Studies in Conflict & Terrorism,1
International Journal of Nursing Education Scholarship (IJNES),1
"Health Values: The Journal of Health Behavior, Education & Promotion",1
Journal of Human Performance in Extreme Environments,1
Archives of Psychology (Columbia University),1
Reading: Literacy & Language,1
Journal of Positive Behavior Interventions,1
Learning Environments Research,1
"Psychotherapy: Theory, Research & Practice",1
Animal Behaviour,1
Comparative Group Studies,1
Human Brain Mapping,1
Psyke & Logos,1
Journal of Mental Health,1
Children's Health Care,1
Psychological Monographs: General and Applied,1
Sexual and Relationship Therapy,1
Biodemography and Social Biology,1
Zeitschrift fur Rassenkunde,1
Journal of Rational-Emotive & Cognitive-Behavior Therapy,1
Health Policy,1
Acta Neurologica Scandinavica,1
Social Process in Hawaii,1
Journal of Telemedicine and Telecare,1
Developing World Bioethics,1
International Journal of Choice Theory and Reality Therapy,1
Obesity Research,1
Caribbean Journal of Criminology & Social Psychology,1
Journal of Nonverbal Behavior,1
Journal of Near-Death Studies,1
Revista Latino-Americana de Enfermagem,1
Instructional Science,1
Journal of Cognitive Psychotherapy,1
Functional Neurology,1
"Psychology and Psychotherapy: Theory, Research and Practice",1
Wisconsin Sociologist,1
"Substance Abuse Treatment, Prevention, and Policy",1
Journal of Child Neurology,1
Canadian Journal of Occupational Therapy / Revue Canadienne D'Ergotherapie,1
Israel Annals of Psychiatry & Related Disciplines,1
Simulation & Games,1
History of Psychology,1
Journal of Leadership Studies,1
Gerontechnology,1
Journal of Forensic Psychology Practice,1
Electronic Journal of Knowledge Management,1
SAGE: A Scholarly Journal on Black Women,1
Journal of Aging and Physical Activity,1
International Journal of Law and Psychiatry,1
Western Journal of Speech Communication,1
Prevention & Treatment,1
Journal of Cognitive Psychology,1
Acta Paedopsychiatrica: International Journal of Child & Adolescent Psychiatry,1
Psychology and Aging,1
Journal of Behavioral and Applied Management,1
The Coaching Psychologist,1
"L'autre Cliniques, Cultures et Societes",1
Journal of Mixed Methods Research,1
The International Journal of Emotional Education,1
Criminology & Criminal Justice: An International Journal,1
Evolution and Human Behavior,1
International Journal of Neuropsychopharmacology,1
Research in Autism Spectrum Disorders,1
Journal of Social Hygiene,1
Health Promotion International,1
Journal of Child and Adolescent Psychopharmacology,1
American Journal of Forensic Psychiatry,1
Journal of the Learning Sciences,1
Crime & Delinquency,1
International Journal of Mental Health,1
The Prison Journal,1
PPmP: Psychotherapie Psychosomatik Medizinische Psychologie,1
Annales de Gerontologie,1
Korean Journal of Thinking & Problem Solving,1
Industrial Marketing Management,1
The Journal of Alternative and Complementary Medicine,1
Psychological Review,1
Behavioural and Cognitive Psychotherapy,1
Journal of Elder Abuse & Neglect,1
Journal of Speech-Language Pathology and Audiology,1
Epilepsia,1
Journal of the Society for Social Work and Research,1
"Eurasia Journal of Mathematics, Science & Technology Education",1
SALT: School Applications of Learning Theory,1
Medical Anthropology,1
Revue Canadienne de Psycho-Education,1
Studia Psychologiczne,1
Journal of Human Behavior & Learning,1
Journal of the American Academy of Psychoanalysis & Dynamic Psychiatry,1
Infant and Child Development,1
Criminal Justice Review,1
Assignment Children,1
Journal of Science and Medicine in Sport,1
Journal of Psychotherapy & the Family,1
American Journal of Mental Deficiency,1
Social Marketing Quarterly,1
American Journal of Alzheimer's Disease and Other Dementias,1
Behavior Science Research,1
International Journal of Psychosomatics,1
Developmental Medicine & Child Neurology,1
Infant Behavior & Development,1
Psychologica,1
Gedrag en Organisatie,1
Zeitschrift fur Medizinische Psychologie,1
Turk Psikiyatri Dergisi,1
Revue de Psychotherapie Psychanalytique de Groupe,1
Bioethics,1
Clinical Journal of Oncology Nursing,1
International Journal of Public Health,1
Matrix: Nordisk Tidsskrift for Psykoterapi,1
Anthrozoos,1
Journal of Marketing Communications,1
Homicide Studies: An Interdisciplinary & International Journal,1
Educational Media International,1
Social Work & Christianity,1
Japanese Journal of Behaviormetrics,1
Risk Analysis,1
Philippine Journal of Psychology,1
The Journal of Continuing Education in Nursing,1
Journal of Voice,1
History of Psychiatry,1
Gerontology & Geriatrics Education,1
International Journal of Psychiatry in Clinical Practice,1
Journal of Sport & Exercise Psychology,1
Cahiers d'Anthropologie et Biometrie Humaine,1
American Journal of Critical Care,1
Psychologia: An International Journal of Psychology in the Orient,1
Language Learning & Technology,1
"Journal of Gay, Lesbian, & Bisexual Identity",1
Annals of the American Psychotherapy Association,1
Distance Education,1
Journal of Child & Youth Care,1
Cahiers D'Etudes et De Recherche Francophone / Sante,1
International Body Psychotherapy Journal,1
Contemporary Hypnosis,1
Anales de Psiquiatria,1
Clinical Psychologist,1
Best Practices in Mental Health: An International Journal,1
Journal of Early Childhood and Infant Psychology,1
Tourism: An International Interdisciplinary Journal,1
Advances in Descriptive Psychology,1
Jahrbuch der Psychoanalyse,1
Psychopathology,1
ACM Transactions on Applied Perception,1
Sexual Addiction & Compulsivity,1
British Journal of Health Psychology,1
Familiendynamik,1
Critical Public Health,1
Clinical Neurophysiology,1
Counseling: Giornale Italiano di Ricerca e Applicazioni,1
Contemporary Drug Problems: An Interdisciplinary Quarterly,1
Applied Anthropology,1
International Journal of Organizational Analysis,1
Reading and Writing,1
Visitor Studies,1
Mid-American Journal of Business,1
Journal of African Psychology,1
School Psychology Monograph,1
Frontiers in Aging Neuroscience,1
Journal of Clinical Geropsychology,1
Human Resource Management Journal,1
Zeitschrift fur Morphologie und Anthropologie,1
Support for Learning,1
Chinese Mental Health Journal,1
International Review of Psychiatry,1
"Arts & Health: An International Journal of Research, Policy and Practice",1
Maturitas,1
Psihijatrija Danas,1
Neuropsychiatric Disease and Treatment,1
Clothing & Textiles Research Journal,1
Soviet Journal of Psychology,1
"Body, Movement and Dance in Psychotherapy",1
Psicoperspectivas,1
First Language,1
Gerontology,1
Nordisk Psykiatrisk Tidsskrift,1
Viewpoints,1
Journal of Addiction Medicine,1
International Journal of the Sociology of Language,1
Mental Health Services Research,1
Journal of Gang Research,1
Psicologia Educacao Cultura,1
PTT: Personlichkeitsstorungen Theorie und Therapie,1
Gruppendynamik,1
Journal of Empirical Research on Human Research Ethics,1
Family Systems Medicine,1
Social Science,1
British Journal of Social & Clinical Psychology,1
Annals of the American Academy of Political & Social Science,1
Behavior Research Methods,1
Judgment and Decision Making,1
Canada's Mental Health,1
Quarterly Journal of Speech,1
Emerging Adulthood,1
Journal of Contemporary Criminal Justice,1
Journal of Speech & Hearing Research,1
Reiss-Davis Clinic Bulletin,1
Aviation Psychology and Applied Human Factors,1
"Journal of Criminal Law, Criminology & Police Science",1
The Quarterly Journal of Experimental Psychology A: Human Experimental Psychology,1
Journal of Nutrition in Gerontology and Geriatrics,1
Negotiation Journal,1
Physical & Occupational Therapy in Pediatrics,1
The Behavior Analyst,1
American Journal of Social Psychiatry,1
Disease Management,1
Journal of Child and Adolescent Psychiatric Nursing,1
Psychological Research,1
Journal of Consumer Culture,1
Children's Environments,1
Clinical Neuropsychiatry: Journal of Treatment Evaluation,1
Indian Educational Review,1
Therapeutic Care & Education,1
Deviant Behavior,1
Journal of Safety Research,1
Race,1
Journal of Marketing Research,1
Journal of the Canadian Academy of Child and Adolescent Psychiatry / Journal de l'Academie canadienne de psychiatrie de l'enfant et de l'adolescent,1
Hearing Rehabilitation Quarterly,1
Language Testing,1
Educational Research Bulletin. Ohio State University,1
Revista de Psicoanalisis,1
Pakistan Journal of Social and Clinical Psychology,1
Language and Linguistics Compass,1
Man-Environment Systems,1
Perspectives Psychiatriques,1
IMAGE: Journal of Nursing Scholarship,1
Psychiatric Bulletin,1
Internet Journal of Mental Health,1
Sleep and Hypnosis,1
AAPA Journal,1
Stress and Health: Journal of the International Society for the Investigation of Stress,1
Psicologia: Ciencia e Profissao,1
Revista Brasileira de Orientacao Profissional,1
Journal of Religious Gerontology,1
Journal of Travel Research,1
Human Factors,1
International Entrepreneurship and Management Journal,1
Canadian Journal of Behavioural Science / Revue canadienne des sciences du comportement,1
Zeitschrift fur Padagogische Psychologie / German Journal of Educational Psychology,1
Feuillets Psychiatriques de Liege,1
Drug Benefit Trends,1
Journal of Economic Behavior & Organization,1
Erdelyi Pszichologiai Szemle,1
Journal of Reading Behavior,1
Der Nervenarzt,1
Corporate Communications,1
British Journal of Social Psychiatry & Community Health,1
Topics in Early Childhood Special Education,1
Public Health,1
"Australian Journal of Sex, Marriage & Family",1
Arthritis Care & Research,1
Decision Sciences,1
Journal of Educational Technology & Society,1
Interacting with Computers,1
Alcoologie et Addictologie,1
Journal of HIV/AIDS Prevention in Children & Youth,1
Psychanalyse a l'Universite,1
Adolescent & Family Health,1
Archiv fur Religionspsychologie / Archive for the Psychology of Religions,1
Clinical Neuropsychologist,1
Ontario Psychologist,1
"Educational Assessment, Evaluation and Accountability",1
"Revue de Neuropsychologie, Neurosciences Cognitives et Cliniques",1
Metaphor and Symbol,1
"Center for Social Organization of Schools Report, Johns Hopkins U",1
Journal of Experimental Psychology: Applied,1
International Gambling Studies,1
Minerva Psichiatrica,1
International Journal on Disability and Human Development,1
Mental Health in Australia,1
Cognitive Processing,1
Industrial Relations: A Journal of Economy & Society,1
Bulletin of the American Academy of Psychiatry & the Law,1
Revista Colombiana de Psicologia,1
Journal of Trauma & Dissociation,1
Journal of Cardiovascular Nursing,1
Canadian Journal of School Psychology,1
Archives of Suicide Research,1
International Journal for Quality in Health Care,1
Interdisciplinary Journal of Contemporary Research in Business,1
Aletheia,1
Clinical Therapeutics: The International Peer-Reviewed Journal of Drug Therapy,1
Occupational Therapy In Health Care,1
Music and Medicine,1
Child Care Quarterly,1
Transactional Analysis Journal,1
TESOL Quarterly,1
Journal of Projective Techniques & Personality Assessment,1
High Ability Studies,1
Journal of Management,1
American Journal of Clinical Hypnosis,1
"IEEE Transactions on Systems, Man, & Cybernetics",1
Physical & Occupational Therapy in Geriatrics,1
Thinking Skills and Creativity,1
International Social Science Bulletin,1
Chemical Senses,1
Childhood Obesity,1
Journal of Neuropsychology,1
Psychometrika,1
Psychotherapie Forum,1
Australian Journal of Clinical Hypnotherapy and Hypnosis,1
Emotion Review,1
"Attention, Perception, & Psychophysics",1
Physiology & Behavior,1
Pszichoterapia,1
Schweizer Archiv fur Neurologie und Psychiatrie,1
Person-Centered Review,1
Journal of Policy and Practice in Intellectual Disabilities,1
Journal of Health and Social Behavior,1
Ecopsychology,1
La Psychiatrie de l'Enfant,1
TOJET: The Turkish Online Journal of Educational Technology,1
Southern Journal of Educational Research,1
Neurological Sciences,1
Journal of Mental Health Policy and Economics,1
Australasian Marketing Journal (AMJ),1
California School Psychologist,1
Innovations in Clinical Neuroscience,1
Journal of Psychologists and Counsellors in Schools,1
Psychology of Sport and Exercise,1
Integrative Psychiatry,1
Universitas Psychologica,1
Psychologie Medicale,1
Journal of Behavior Therapy and Experimental Psychiatry,1
Journal of Classical Sociology,1
International Journal of Mobile and Blended Learning,1
Journal of Men's Health,1
Revue Francaise de Psychanalyse,1
Couple and Family Psychology: Research and Practice,1
Arquivos de Neuro-Psiquiatria,1
Proceedings of the South African Psychological Association,1
Behavioral Ecology,1
Language Assessment Quarterly,1
Attachment & Human Development,1
Oxford Review of Education,1
Occupational Therapy Journal of Research,1
Therapeutic Communities,1
Therapie Familiale: Revue Internationale en Approche Systemique,1
International Journal of Web-Based Learning and Teaching Technologies,1
Archives of Women's Mental Health,1
FAA Office of Aviation Medicine Reports,1
East Asian Archives of Psychiatry,1
Journal of Educational Measurement,1
International Journal of Pediatric Obesity,1
Residential Group Care & Treatment,1
Child Psychology & Psychiatry Review,1
Man,1
"Journal of Social, Evolutionary, and Cultural Psychology",1
Hormones and Behavior,1
Education & Training of the Mentally Retarded,1
International Journal of Emergency Mental Health,1
Nordic Psychology,1
Psychiatric Clinics of North America,1
Health Policy and Planning,1
Ethnopsychologie,1
Journal of Mental Health Administration,1
Zeitschrift fur Psychoanalytische Theorie und Praxis / Journal for Psychoanalytical Theory and Practice,1
Journal of Classroom Interaction,1
International Journal of Mental Health Systems,1
Brain and Cognition,1
"Health: An Interdisciplinary Journal for the Social Study of Health, Illness and Medicine",1
Studies in Symbolic Interaction,1
Journal of the Academy of Marketing Science,1
Performance & Instruction,1
Social Science Information/sur les sciences sociales,1
Review of Social Economy,1
Journal of Forensic Sciences,1
Marriage & Family Living,1
American Corrective Therapy Journal,1
"Trauma, Violence, & Abuse",1
British Journal of Criminology,1
Communication Studies,1
Studia Psychologica,1
Parenting: Science and Practice,1
Journal of Disability Policy Studies,1
Journal of Gay & Lesbian Psychotherapy,1
The Family Coordinator,1
Health Education,1
"Journal of Offender Counseling, Services & Rehabilitation",1
"Journal of Aggression, Conflict and Peace Research",1
Southern African Journal of Child and Adolescent Mental Health,1
Journal of Psychology & Judaism,1
Personality and Social Psychology Review,1
Spanish Speaking Mental Health Research Center Monographs,1
Journal of Hospitality & Tourism Research,1
Journal of the American Deafness and Rehabilitation Association,1
"Musik-, Tanz- und Kunsttherapie",1
Journal of Medical Humanities,1
Telemedicine and e-Health,1
Substance Abuse,1
Journal of Family Theory & Review,1
Human Factors and Ergonomics in Manufacturing,1
Medical Education Online,1
Multivariate Behavioral Research,1
Revista Intercontinental de Psicologia y Educacion,1
Disease Management & Health Outcomes,1
Cognitive Neuroscience,1
Voprosy Psychologii,1
Psychologia Africana,1
"Ohio State University, Abstracts of Doctoral Dissertations",1
Canadian Counsellor,1
Journal of Clinical and Experimental Neuropsychology,1
Research Papers in Education,1
International Journal of Information and Communication Technology Education,1
Journal of School Health,1
Applied Psychology in Criminal Justice,1
Pedagogisk-Psykologiska Problem,1
Journal of Pediatric Neurology,1
White Cloud Journal of American Indian Mental Health,1
Ethical Human Psychology and Psychiatry: An International Journal of Critical Inquiry,1
Early Human Development,1
Pistes: Perspectives Interdisciplinaires sur le Travail et la Sante,1
Journal of Computer Assisted Learning,1
British Journal of Medical Psychology,1
International Journal of Social Robotics,1
Annals of Dyslexia,1
New Directions for Education Reform,1
International Journal of Developmental Disabilities,1
Group Psychotherapy,1
Mediation Quarterly,1
The Journal of Neuroscience,1
Science et Comportement,1
Gestalt!,1
Journal of Personal Selling & Sales Management,1
The Japanese Journal of Psychonomic Science,1
American Journal of Psychiatric Rehabilitation,1
Media Psychology,1
European Journal of Special Needs Education,1
"Individual Psychology: Journal of Adlerian Theory, Research & Practice",1
American Naturalist,1
"Cognitive, Affective & Behavioral Neuroscience",1
Information Technology in Childhood Education Annual,1
Mental Health Review Journal,1
Brief Treatment and Crisis Intervention,1
International Journal of Developmental Science,1
Sleep: Journal of Sleep Research & Sleep Medicine,1
Perspectives on Sexual and Reproductive Health,1
International Journal of Human-Computer Studies,1
Estudios de Psicologia,1
Australasian Journal of Psychotherapy,1
Annals of the New York Academy of Sciences,1
Journal of Forensic Psychiatry & Psychology,1
Journal of Technology and Teacher Education (JTATE),1
Hahinukh,1
Clinical Psychological Science,1
"Child Study Center Bulletin, State Univedrsity Coll. New York, Buffalo",1
Australasian Journal of Disaster and Trauma Studies,1
Eating and Weight Disorders,1
Journal of Psychosocial Research,1
Translational Issues in Psychological Science,1
Krankenhauspsychiatrie,1
Bulletin of the Anna Freud Centre,1
Criminal Behaviour and Mental Health,1
Psychology & Neuroscience,1
Journal of Police and Criminal Psychology,1
Behavior Modification,1
Brain and Language,1
Psychosocial Intervention,1
