US.,8446
Canada.,586
United Kingdom.,325
Australia.,314
Netherlands.,250
South Africa.,219
New Zealand.,177
Israel.,166
England.,145
China.,99
Singapore.,90
Germany.,80
Sweden.,78
Canada.  US.,77
Malaysia.,75
Brazil.,73
Italy.,66
Japan.,65
Spain.,63
Taiwan.,63
Europe.,62
Norway.,62
India.,59
Hong Kong.,47
South Korea.,42
Great Britain.,41
France.,39
Africa.,37
Mexico.,33
Korea.,32
Finland.,28
Asia.,28
Denmark.,28
China.  US.,26
Mexico.  US.,26
Ireland.,25
Greece.,24
Argentina.,21
Turkey.,21
Japan.  US.,21
North America.,20
Switzerland.,19
Belgium.,18
Korea.  US.,18
Russia.,17
Peru.,16
Chile.,16
United Arab Emirates.,16
Colombia.,15
Kenya.,14
India.  US.,14
Europe.  US.,14
Thailand.,13
United Kingdom.  US.,13
Trinidad and Tobago.,13
Austria.,12
Nigeria.,11
Portugal.,11
Taiwan.  US.,11
Poland.,10
Bolivia.,10
South Africa.  US.,9
Australia.  New Zealand.,9
Zimbabwe.,9
Guatemala.,8
Cyprus.,8
Middle East.,8
South Korea.  US.,8
Mauritius.,8
Greece.  Netherlands.,8
Puerto Rico.,8
South America.,8
Namibia.,7
Brazil.  US.,7
Venezuela.,7
Romania.,7
Saudi Arabia.,7
United Kingdom.  England.,7
Israel.  US.,7
West Indies.,7
Oceania/Pacific Islands.,7
Canada.  Japan.,6
Indonesia.,6
Russia.  US.,6
Tanzania.,6
France.  US.,6
England.  Wales.,6
Great Britain.  US.,6
Germany.  US.,6
Sweden.  US.,6
Pakistan.,5
Australia.  Japan.,5
Iceland.,5
Australia.  US.,5
Philippines.  US.,5
Brunei.,5
Scandinavia.,5
Estonia.,5
Yugoslavia.,5
Botswana.,5
Asia.  US.,5
Cameroon.  Germany.,5
Great Britain.  England.,5
Canada.  Great Britain.  US.,5
Estonia.  Finland.  Sweden.,4
Great Britain.  North America.,4
Nepal.,4
Bosnia-Herzegovina.,4
Morocco.  Netherlands.,4
Ghana.,4
Philippines.,4
Croatia.,4
Wales.,4
Lebanon.,4
China.  Israel.,4
China.  Canada.,4
Slovenia.,4
Ecuador.,4
Kazakhstan.,4
Germany.  United Kingdom.,4
Northern Ireland.,4
Canada.  Pakistan.,4
China.  Hong Kong.,4
Belize.,4
Cuba.,4
Costa Rica.  US.,4
Germany.  Romania.,3
Australia.  Canada.  Great Britain.  US.,3
Finland.  Norway.  Sweden.,3
Vietnam.,3
Oceania/Pacific Islands.  US.,3
Iraq.,3
United Kingdom.  New Zealand.,3
Sri Lanka.,3
Germany.  Indonesia.,3
India.  Portugal.  US.,3
Surinam.,3
Fiji.,3
Netherlands.  US.,3
Jordan.,3
Europe.  Spain.  England.,3
Canada.  India.,3
Australia.  Hong Kong.,3
Scotland.,3
France.  United Kingdom.  Turkey.,3
Germany.  Netherlands.,3
India.  Israel.,3
Belgium.  Netherlands.,3
Canada.  Israel.,3
Netherlands.  Sweden.  US.,3
Australia.  Canada.,3
Canada.  India.  US.,3
Qatar.,3
Europe.  North America.,3
United Kingdom.  Nigeria.  US.,2
Iceland.  US.,2
Africa.  Kenya.,2
Belgium.  England.,2
Georgia.  US.,2
Ethiopia.  Israel.,2
Canada.  Germany.  Japan.,2
Finland.  Norway.,2
Australia.  Canada.  United Kingdom.  US.,2
Iceland.  United Kingdom.  US.,2
Yemen.,2
Canada.  United Kingdom.,2
Australia.  Bhutan.  Lebanon.  Lesotho.  Thailand.  US.,2
Australia.  United Kingdom.  US.,2
Brazil.  Denmark.  Finland.,2
France.  Germany.,2
Nicaragua.,2
France.  Germany.  India.  Singapore.  US.,2
Uganda.,2
Austria.  Belgium.  Denmark.  Finland.  France.  Italy.  United Kingdom.  Luxembourg.  Netherlands.  Norway.  Portugal.  Spain.  Sweden.  Switzerland.,2
Germany.  Great Britain.,2
China.  Netherlands.,2
India.  Latin America.,2
United Kingdom.  South Africa.,2
Canada.  France.  US.,2
Africa.  Canada.,2
France.  Germany.  Italy.  Spain.  England.,2
Australia.  United Kingdom.,2
Papua New Guinea.,2
Morocco.  Netherlands.  Turkey.,2
Honduras.,2
Greece.  Singapore.,2
Canada.  Netherlands.,2
Uruguay.,2
Japan.  Korea.,2
China.  North America.,2
Canada.  Denmark.  France.  United Kingdom.  Netherlands.  Sweden.,2
Australia.  Canada.  New Zealand.,2
Netherlands.  Norway.  US.,2
Argentina.  France.,2
Brazil.  Colombia.  Dominican Republic.  Panama.,2
Australia.  Brazil.  Canada.  Germany.  Japan.  Kazakhstan.  United Kingdom.  Mexico.  New Zealand.  Trinidad and Tobago.  Zambia.,2
Scotland.  England.  Wales.,2
Colombia.  Jordan.  US.,2
Africa.  Belgium.  Europe.,2
Finland.  Russia.,2
Guam.  Puerto Rico.  US.,2
Germany.  Nigeria.,2
China.  South Korea.  US.,2
Canada.  Japan.  US.,2
South Korea.  Taiwan.,2
Australia.  Canada.  Ghana.  Malaysia.  Netherlands.  Nigeria.  New Zealand.  Romania.  South Africa.  Spain.  England.  US.,2
Botswana.  South Korea.  Malaysia.  Singapore.  Taiwan.  Venezuela.,2
Africa.  US.,2
Canada.  Europe.  US.,2
Australia.  Netherlands.  Singapore.,2
Macedonia.,2
Serbia and Montenegro.,2
China.  Turkey.  US.,2
China.  Portugal.,2
Belgium.  Finland.  Spain.,2
Caribbean.,2
Israel.  Mexico.  Thailand.,2
Asia.  Oceania/Pacific Islands.  US.,2
Bahamas.  Bosnia-Herzegovina.  Burkina Faso.  China.  Egypt.  Ghana.  India.  Indonesia.  Ivory Coast.  Japan.  Malaysia.  Norway.  Nigeria.  Philippines.  US.,2
Australia.  France.  Germany.  Netherlands.,2
Africa.  France.,2
Argentina.  US.,2
Asia.  Europe.  North America.,2
Morocco.,2
Australia.  Philippines.,2
French Guiana.  Martinique.,2
Chile.  US.,2
Canada.  Iran.,2
Italy.  Nicaragua.  US.,2
Scotland.  Wales.,2
Hungary.  Israel.  United Kingdom.,2
China.  South Korea.  Saudi Arabia.  US.,2
Australia.  Indonesia.  Philippines.  Singapore.,2
Croatia.  US.,2
Austria.  Belgium.  Germany.  Sweden.,2
Belgium.  Spain.  Switzerland.,2
Finland.  Sweden.,2
Guinea-Bissau.,2
Canada.  Germany.,2
China.  France.,2
France.  Germany.  Israel.  Morocco.  South Africa.  US.,2
France.  Germany.  United Kingdom.  Slovenia.  Switzerland.  US.,2
Israel.  Japan.  US.,2
Asia.  Oceania/Pacific Islands.,2
United Kingdom.  Singapore.,2
Sri Lanka.  US.,2
Jamaica.,2
Western Europe.,2
China.  Korea.  US.,2
Malaysia.  Singapore.,2
Zambia.,2
Australia.  Norway.  US.,2
Australia.  Canada.  New Zealand.  US.,2
Austria.  China.  Finland.  France.  Germany.  India.  Israel.  Italy.  Spain.  Switzerland.  England.  US.,2
United Kingdom.  Sweden.,2
Egypt.,2
Hungary.,2
Germany.  Spain.,2
Australia.  Brazil.  Canada.  Ireland.  Israel.  Japan.  Korea.  Russia.  Singapore.  Taiwan.  Trinidad and Tobago.  England.  US.  Central America.,2
Great Britain.  Ireland.  United Kingdom.  Scotland.  England.  Wales.,2
Albania.,2
Australia.  South Africa.,2
China.  United Kingdom.,2
France.  Germany.  US.,2
Great Britain.  England.  Wales.,2
Haiti.,2
France.  Germany.  Great Britain.  US.,2
Canada.  Mexico.  US.,2
Malaysia.  Singapore.  US.,2
Germany.  Israel.  Italy.  Spain.  Switzerland.  England.  US.,2
Chile.  United Kingdom.  Portugal.  Spain.,2
Asia.  Philippines.  US.  South America.  Central America.,2
Australia.  Israel.  US.,2
Honduras.  Trinidad and Tobago.,2
Albania.  Argentina.  Australia.  Austria.  Bangladesh.  Canada.  Denmark.  Dominican Republic.  Finland.  Georgia.  Germany.  India.  Indonesia.  Iran.  Israel.  United Kingdom.  Morocco.  Netherlands.  Norway.  Nigeria.  New Zealand.  Philippines.  Pakistan.  South Africa.  Sudan.  Sweden.  Switzerland.  Ukraine.  US.  Vietnam.  Yemen.,2
Australia.  Kenya.,2
Austria.  Belgium.  Bulgaria.  Cyprus.  Czech Republic.  Estonia.  Finland.  France.  Germany.  Greece.  Hungary.  Italy.  United Kingdom.  Latvia.  Lithuania.  Luxembourg.  Malta.  Netherlands.  Norway.  Poland.  Portugal.  Romania.  Spain.  Slovenia.  Sweden.  Switzerland.  Slovakia.,2
Mongolia.,2
Poland.  Spain.,2
Colombia.  Mexico.,2
Thailand.  US.,2
Australia.  Finland.  India.  Netherlands.  New Zealand.  South Africa.  Spain.  Sweden.  United Arab Emirates.  US.,2
Mexico.  South America.  Caribbean.,2
US.  Vietnam.,2
China.  Indonesia.  Malaysia.  Thailand.,2
Puerto Rico.  US.,2
United Kingdom.  Malaysia.  New Zealand.  Turkey.,1
Italy.  Korea.  Netherlands.  Spain.  US.,1
Finland.  Korea.,1
Great Britain.  Northern Ireland.,1
China.  Russia.,1
Japan.  United Kingdom.,1
Austria.  Chile.  China.  Denmark.  Germany.  Iceland.  Iran.  Italy.  Kosovo.  Lithuania.  Netherlands.  Portugal.  Romania.  Republic of Serbia.,1
Laos.,1
Germany.  Hong Kong.,1
Argentina.  Australia.  Brazil.  Canada.  Finland.  Germany.  Netherlands.  Thailand.,1
Austria.  US.,1
Denmark.  Germany.  United Kingdom.  Sweden.,1
Cambodia.  US.  Vietnam.,1
Europe.  Finland.  Latvia.  Sweden.,1
Finland.  Hong Kong.,1
Australia.  New Zealand.  US.,1
Ethiopia.  US.,1
Asia.  Australia.,1
Latvia.  USSR.,1
Belgium.  Bulgaria.  Croatia.  Cyprus.  Czech Republic.  Denmark.  Estonia.  Finland.  France.  Germany.  Greece.  Hungary.  United Kingdom.  Latvia.  Netherlands.  Norway.  Poland.  Portugal.  Romania.  Russia.  Spain.  Slovenia.  Sweden.  Switzerland.  Ukraine.  Slovakia.,1
Brazil.  South Africa.,1
Cambodia.,1
Hong Kong.  Taiwan.  US.,1
Belgium.  Hong Kong.,1
Croatia.  Norway.,1
Cameroon.,1
US.  Venezuela.,1
Germany.  South Korea.  Poland.,1
Germany.  South Korea.,1
South Africa.  Zimbabwe.,1
Cambodia.  Guatemala.  Vietnam.,1
Norway.  US.,1
Oman.,1
Asia.  Australia.  Africa.  Europe.  North America.  New Zealand.  South America.,1
Costa Rica.,1
Brazil.  Canada.  Greece.  Israel.  Japan.  South Korea.  Northern Ireland.  Portugal.  Singapore.  Spain.  Turkey.  England.  US.,1
China.  South Korea.  Taiwan.,1
Canada.  Puerto Rico.  US.,1
New Zealand.  Tonga.,1
Italy.  Russia.  Sweden.  US.,1
Australia.  Belgium.  China.  Denmark.  Ethiopia.  Finland.  France.  Germany.  Greece.  Hong Kong.  Iceland.  Iran.  Israel.  Italy.  Japan.  Jamaica.  Korea.  Lithuania.  Netherlands.  Norway.  Poland.  Portugal.  Puerto Rico.  Romania.  Russia.  Sweden.  Switzerland.  Taiwan.  Thailand.  Turkey.  US.,1
Kenya.  Tanzania.  Zambia.,1
Denmark.  Finland.  Iceland.  Norway.  Sweden.,1
Belgium.  Canada.  Finland.  United Kingdom.  South Korea.,1
Austria.  Brazil.  Costa Rica.  Ecuador.  Germany.  Hong Kong.  Italy.  Japan.  US.,1
England.  US.,1
New Zealand.  South Africa.,1
Germany.  Italy.,1
Portugal.  US.,1
Belgium.  Germany.  Ireland.  Israel.  Netherlands.  Spain.  Switzerland.  England.,1
Malawi.,1
Guam.  Northern Mariana Islands.,1
China.  Germany.  Japan.  US.,1
USSR.,1
Canada.  Germany.  Greece.  Hungary.  Japan.  United Kingdom.  Netherlands.  Thailand.  US.,1
Ireland.  United Kingdom.  New Zealand.  England.  USSR.,1
Australia.  Germany.  Netherlands.,1
Australia.  Canada.  Europe.  Netherlands.  New Zealand.  South Africa.,1
Denmark.  Europe.  England.,1
Finland.  Ireland.  United Kingdom.,1
Argentina.  Australia.  Austria.  Belgium.  Brazil.  Bulgaria.  Chile.  China.  Colombia.  Canada.  Costa Rica.  Croatia.  Czech Republic.  Denmark.  Ecuador.  Estonia.  Finland.  France.  Germany.  Greece.  Guatemala.  Hong Kong.  Hungary.  Ireland.  India.  Iran.  Israel.  Italy.  Japan.  Kenya.  United Kingdom.  Korea.  Mexico.  Malaysia.  Netherlands.  Norway.  New Zealand.  Peru.  Philippines.  Pakistan.  Poland.  Portugal.  Russia.  South Africa.  Saudi Arabia.  Singapore.  Spain.  Slovenia.  Sweden.  Switzerland.  Taiwan.  Turkey.  United Arab Emirates.  US.  Uruguay.  Venezuela.  Serbia and Montenegro.  Slovakia.,1
Egypt.  England.  US.,1
United Kingdom.  Latvia.  Russia.  US.,1
Canada.  Latvia.,1
Chile.  Canada.  Greece.  Hungary.  India.  Korea.  Mexico.  Sweden.,1
United Kingdom.  West Indies.,1
Indonesia.  Vietnam.,1
Austria.  Belgium.  Denmark.  Finland.  France.  Germany.  Greece.  Ireland.  Italy.  United Kingdom.  Luxembourg.  Netherlands.  Portugal.  Spain.  Sweden.,1
India.  New Zealand.  Turkey.,1
Romania.  Spain.,1
China.  Japan.,1
Singapore.  Thailand.,1
Ecuador.  Guatemala.  Peru.,1
Argentina.  Australia.  Benin.  Bangladesh.  Brazil.  Colombia.  Cameroon.  Canada.  Denmark.  Estonia.  Ethiopia.  Finland.  Germany.  Greece.  Hong Kong.  India.  Italy.  Japan.  Kenya.  South Korea.  Morocco.  Nigeria.  Peru.  Papua New Guinea.  Palestine.  Romania.  South Africa.  Sierra Leone.  Spain.  Switzerland.  Tajikistan.  Turkey.  US.  Yugoslavia.  Zimbabwe.,1
Greece.  Turkey.,1
Austria.  Czech Republic.  Denmark.  Georgia.  Germany.  Hungary.  Iceland.  Ireland.  United Kingdom.  Norway.  Poland.  Russia.  Spain.  Sweden.  Switzerland.,1
Iran.,1
Germany.  Japan.,1
Portugal.  Spain.,1
Austria.  Finland.,1
Czechoslovakia.,1
Canada.  Europe.  North America.  Nepal.  US.,1
Australia.  United Kingdom.  Spain.  Sweden.,1
Australia.  Canada.  Finland.  France.  Germany.  Ireland.  Japan.  United Kingdom.  Netherlands.  Norway.  New Zealand.  Portugal.  Spain.  Sweden.  Switzerland.,1
China.  Taiwan.,1
Bangladesh.  Myanmar.,1
Hong Kong.  US.,1
Asia.  Malaysia.,1
Sierra Leone.,1
Ireland.  Northern Ireland.  US.,1
Europe.  Germany.  United Kingdom.  Netherlands.  Scandinavia.,1
Australia.  Scotland.,1
Australia.  Hong Kong.  Israel.  Korea.  Netherlands.  Puerto Rico.  Singapore.  US.,1
China.  Indonesia.,1
Canada.  Netherlands.  US.,1
Croatia.  Iran.,1
New Zealand.  Thailand.  US.,1
American Samoa.  Brazil.,1
China.  Hong Kong.  Poland.  US.,1
Republic of Serbia.,1
Asia.  Eastern Europe.  Middle East.,1
Kenya.  Philippines.  US.,1
Australia.  Canada.  Europe.  US.,1
Bangladesh.  Brazil.  Bolivia.  Chile.  Cambodia.  China.  Colombia.  Canada.  Guatemala.  Hong Kong.  Haiti.  India.  Jamaica.  South Korea.  Mexico.  Philippines.  Vietnam.  Zambia.,1
China.  Pakistan.,1
Croatia.  Yugoslavia.,1
Australia.  Canada.  Cuba.  Germany.  Israel.  Italy.  Mexico.  New Zealand.  Poland.  Puerto Rico.  South Africa.  Venezuela.,1
Germany.  Japan.  Malaysia.,1
Bahrain.  Kuwait.  Lebanon.  Oman.  Qatar.  Saudi Arabia.  United Arab Emirates.  US.,1
Romania.  Russia.  Ukraine.,1
Reunion.,1
France.  Germany.  Italy.  United Kingdom.  Spain.  US.,1
Africa.  Senegal.,1
Australia.  Belgium.  China.  Denmark.  Ethiopia.  Finland.  France.  Germany.  Greece.  Hong Kong.  Iceland.  Iran.  Israel.  Italy.  Japan.  Jamaica.  Korea.  Lithuania.  Netherlands.  Norway.  Poland.  Portugal.  Puerto Rico.  Romania.  Russia.  Sweden.  Switzerland.  Taiwan.  Thailand.  Turkey.,1
US.  Central America.,1
Colombia.  Costa Rica.  El Salvador.  Spain.  US.,1
Argentina.  Brazil.  Bolivia.  Chile.  Colombia.  Costa Rica.  Dominican Republic.  Ecuador.  El Salvador.  Guatemala.  Mexico.  Peru.  Panama.  Portugal.  Paraguay.  Spain.  Uruguay.  Venezuela.,1
Australia.  Brazil.  Canada.  Denmark.  Germany.  Ireland.  Israel.  Italy.  Japan.  United Kingdom.  Norway.  New Zealand.  South Africa.  Spain.  Taiwan.  US.,1
Argentina.  Australia.  Austria.  Brazil.  China.  Canada.  Denmark.  Great Britain.  Greece.  Hungary.  India.  South Korea.  Mexico.  Netherlands.  Russia.  South Africa.  Singapore.  Spain.  Switzerland.  US.,1
Denmark.  Germany.  United Kingdom.  Netherlands.,1
Bulgaria.  Germany.  Romania.  Switzerland.,1
Australia.  Colombia.  Canada.  Hong Kong.  Japan.  Mexico.  New Zealand.  Singapore.  Solomon Islands.  US.,1
Lesotho.  South Africa.,1
Australia.  Japan.  Philippines.  Singapore.,1
Colombia.  Japan.,1
Antarctica.  France.  Germany.,1
Cambodia.  Marshall Islands.,1
Qatar.  United Arab Emirates.,1
China.  Finland.  Singapore.,1
Denmark.  Germany.  Switzerland.,1
US.  South America.,1
Mozambique.,1
China.  Papua New Guinea.,1
Guam.  Puerto Rico.  US.  US Virgin Islands.,1
Netherlands.  Turkey.,1
Afghanistan.  Pakistan.,1
Germany.  Sweden.,1
Israel.  Russia.,1
Germany.  Greece.  Netherlands.,1
Canada.  Finland.  Germany.  Norway.  Poland.  Russia.  England.,1
Brazil.  Portugal.,1
Mali.,1
Australia.  India.  South Korea.  Singapore.  US.,1
France.  Spain.  US.,1
Costa Rica.  Ecuador.  Ireland.  Thailand.  US.  Vietnam.,1
Australia.  Cambodia.,1
Brazil.  France.  Mozambique.,1
Canada.  Israel.  New Zealand.  Sri Lanka.  US.,1
Argentina.  Australia.  Austria.  Colombia.  Canada.  Denmark.  Finland.  France.  Germany.  Greece.  Ireland.  Italy.  Japan.  Netherlands.  Norway.  Russia.  Sweden.  Switzerland.  England.  US.  Uruguay.,1
Canada.  Germany.  Greece.  United Kingdom.  Norway.  Portugal.  Sweden.  Taiwan.  US.,1
Europe.  Korea.  US.,1
China.  Czech Republic.  India.  Israel.  Morocco.  Russia.,1
Taiwan.  Vietnam.,1
Russia.  Ukraine.,1
Australia.  Denmark.  Ethiopia.  Finland.  Germany.  Greece.  Hong Kong.  Iceland.  Iran.  Israel.  Japan.  Jamaica.  Korea.  Lithuania.  Netherlands.  Norway.  Poland.  Romania.  Spain.  Sweden.  Switzerland.  Turkey.,1
Nigeria.  US.,1
Asia.  Europe.  US.  Central America.,1
Palestine.,1
Asia.  Europe.,1
North Korea.  Korea.  South Korea.,1
China.  Germany.  Israel.  Italy.  US.,1
Brazil.  Canada.  France.  Israel.  South Africa.  Sweden.  US.,1
Australia.  Great Britain.  Netherlands.,1
India.  Sweden.,1
Canada.  Middle East.,1
Albania.  Great Britain.  Scotland.  England.  US.  Wales.  West Indies.,1
Australia.  Singapore.  US.,1
United Kingdom.  Thailand.,1
Egypt.  Italy.  Japan.  South Korea.  US.,1
Barbados.  Grenada.  Jamaica.  Trinidad and Tobago.,1
Canada.  Europe.  South Korea.  Mauritius.,1
Hungary.  Romania.  Russia.  Uzbekistan.,1
China.  Sweden.  Taiwan.  US.,1
Marshall Islands.,1
Netherlands.  Norway.,1
Belgium.  Czech Republic.  Denmark.  Estonia.  Finland.  France.  Germany.  Greece.  Hungary.  Iceland.  United Kingdom.  Netherlands.  Norway.  Poland.  Portugal.  Spain.  Slovenia.  Sweden.  Switzerland.  Slovakia.,1
Brazil.  Bolivia.  Colombia.  Dominican Republic.  Ecuador.  Guatemala.  Mexico.  Peru.  Latin America.,1
Asia.  Australia.  Africa.  Canada.  Europe.  Middle East.  Mexico.  US.  South America.  Central America.,1
China.  Hong Kong.  Singapore.  Taiwan.,1
Bulgaria.  Ethiopia.  Malaysia.  Sri Lanka.,1
China.  Hong Kong.  United Kingdom.  Singapore.,1
Turkey.  US.,1
Canada.  New Zealand.  US.,1
Netherlands.  Ukraine.,1
Canada.  Korea.  US.,1
United Kingdom.  United Arab Emirates.,1
Gambia.,1
Italy.  Spain.,1
Belgium.  France.  Germany.  Netherlands.  Singapore.  Switzerland.,1
Brazil.  Canada.,1
Italy.  Morocco.,1
Belgium.  Denmark.  France.  Germany.  Greece.  Italy.  United Kingdom.  Spain.,1
Argentina.  Chile.,1
France.  Spain.,1
Africa.  Europe.  Spain.,1
Africa.  Europe.,1
Chile.  India.,1
Germany.  Romania.  Turkey.,1
Egypt.  United Kingdom.,1
India.  Italy.  United Kingdom.  Philippines.  US.,1
Botswana.  Guatemala.  Israel.  South Korea.  Norway.  Portugal.  Spain.  Taiwan.  US.,1
Australia.  Hong Kong.  Singapore.,1
Germany.  Israel.,1
Netherlands Antilles.,1
Africa.  Brazil.,1
Finland.  France.  Germany.  Netherlands.  Norway.  Sweden.,1
French Guiana.,1
Africa.  India.  Pakistan.  Rwanda.  Sudan.  Turkey.,1
Asia.  Austria.  Europe.  North America.  New Zealand.,1
Australia.  Malaysia.,1
Brazil.  China.,1
Botswana.  Lesotho.  South Africa.  Swaziland.,1
Ethiopia.  South Africa.,1
New Caledonia.,1
Cambodia.  Guatemala.  South Africa.  US.,1
Asia.  Canada.,1
Romania.  US.,1
Guatemala.  US.,1
Africa.  Europe.  US.,1
Australia.  North America.,1
Cyprus.  Hungary.  India.  Israel.  United Kingdom.  Turkey.  US.,1
Barbados.,1
China.  Hong Kong.  US.,1
United Kingdom.  Nigeria.,1
Africa.  Eastern Europe.  Israel.  South Africa.  South America.  Latin America.,1
Guam.,1
Australia.  Europe.,1
US.  Western Europe.,1
Australia.  Hong Kong.  Japan.  US.,1
China.  Japan.  Taiwan.  US.,1
Japan.  Jamaica.  Korea.  Lebanon.  Mexico.  Puerto Rico.  US.,1
Australia.  Indonesia.  Jamaica.  Mexico.  Uruguay.,1
Bangladesh.,1
France.  United Kingdom.  Netherlands.,1
Hong Kong.  Japan.,1
Egypt.  India.,1
Bulgaria.  Vietnam.,1
Ukraine.,1
Belgium.  Turkey.,1
Australia.  China.  Canada.  France.  India.  Israel.  Japan.  Korea.  Portugal.  South Africa.  US.,1
Argentina.  Australia.  China.  Colombia.  Canada.  Ecuador.  France.  Great Britain.  Greece.  Iceland.  Ireland.  India.  Israel.  Italy.  Japan.  Korea.  Kyrgyzstan.  Malaysia.  Nigeria.  Pakistan.  Puerto Rico.  South Africa.  Singapore.  Sweden.  Taiwan.  Turkey.  United Arab Emirates.  USSR.  US.  Venezuela.,1
Denmark.  Finland.  Sweden.,1
Canada.  Europe.  Finland.  Netherlands.  Norway.  Sweden.  US.  Scandinavia.,1
China.  Germany.  Greece.  Italy.  Netherlands.  Norway.  Russia.  Turkey.  US.,1
Eastern Europe.  US.,1
Costa Rica.  South Africa.  Thailand.,1
US.  West Indies.,1
China.  India.  Malaysia.,1
Moldova.,1
Belgium.  Bulgaria.  Germany.  United Kingdom.  Romania.,1
Tajikistan.,1
Luxembourg.,1
Cuba.  Guatemala.  North America.,1
United Arab Emirates.  US.,1
Australia.  Italy.  South Korea.  Oman.  Peru.  South Africa.  Taiwan.  United Arab Emirates.  US.,1
France.  Germany.  Israel.  Italy.  Japan.  United Kingdom.  Netherlands.  Switzerland.  US.,1
China.  Canada.  New Zealand.  South Africa.  US.,1
Asia.  Africa.  Netherlands.  South America.,1
US Virgin Islands.,1
China.  Canada.  Czech Republic.  France.  Japan.  Korea.  Malaysia.  Norway.  Turkey.  England.  US.,1
Finland.  Korea.  US.,1
Peru.  US.,1
Norway.  England.  US.,1
Hungary.  Mexico.  US.,1
Canada.  Germany.  Israel.  United Kingdom.  Netherlands.  US.,1
Jamaica.  US.,1
Northern Ireland.  US.,1
Africa.  North America.  South America.,1
Belgium.  Czech Republic.  Denmark.  France.  Germany.  Greece.  United Kingdom.  Netherlands.  Spain.,1
Australia.  Canada.  India.  Japan.  United Kingdom.  Northern Ireland.  New Zealand.  South Africa.  Sweden.  US.,1
Australia.  Iran.,1
Hong Kong.  Netherlands.,1
Estonia.  Sweden.  US.,1
Suriname.,1
Korea.  Philippines.,1
China.  Germany.  Hong Kong.  Spain.  US.,1
Argentina.  Australia.  Austria.  Brazil.  China.  Colombia.  Canada.  Denmark.  Egypt.  Finland.  France.  Germany.  Greece.  Hong Kong.  Ireland.  India.  Indonesia.  Italy.  Japan.  United Kingdom.  South Korea.  Mexico.  Malaysia.  Netherlands.  New Zealand.  Philippines.  Poland.  Portugal.  Russia.  Singapore.  Spain.  Sweden.  Switzerland.  Taiwan.  Thailand.  Turkey.  US.  Venezuela.,1
Canada.  Somalia.,1
Bulgaria.  Canada.  Latvia.  Spain.  US.,1
North Vietnam.  Vietnam.,1
Bangladesh.  China.  Iran.,1
Germany.  Russia.,1
Greece.  Netherlands.  Spain.,1
Fiji.  French Polynesia.  Japan.  Korea.  Mongolia.  Malaysia.  New Zealand.  Palau.  Philippines.,1
Angola.,1
Tibet.  US.,1
Argentina.  Australia.  Austria.  Belgium.  Brazil.  Bulgaria.  Chile.  China.  Colombia.  Czech Republic.  Denmark.  Estonia.  Finland.  France.  Ghana.  Germany.  Greece.  Hong Kong.  Hungary.  Iceland.  Ireland.  India.  Indonesia.  Italy.  Japan.  United Kingdom.  South Korea.  Latvia.  Lithuania.  Mexico.  Netherlands.  Norway.  Nigeria.  Peru.  Pakistan.  Poland.  Portugal.  Romania.  Russia.  South Africa.  Singapore.  Spain.  Slovenia.  Sweden.  Switzerland.  Taiwan.  Thailand.  Turkey.  US.,1
Algeria.  Australia.  China.  Croatia.  Denmark.  Finland.  France.  Germany.  Hong Kong.  Iceland.  Iran.  Japan.  Jamaica.  Korea.  Lithuania.  Netherlands.  Norway.  Peru.  Poland.  Puerto Rico.  Romania.  Switzerland.  Tunisia.  Turkey.  US.,1
Germany.  Greece.,1
Cape Verde.,1
Hong Kong.  Malaysia.  Singapore.  Taiwan.,1
Israel.  United Kingdom.,1
Australia.  China.  Canada.  Denmark.  Norway.  Sweden.  England.  US.,1
Singapore.  US.,1
Austria.  France.  Germany.  Greece.  Italy.  United Kingdom.  Spain.,1
New Zealand.  Singapore.  US.,1
Chile.  El Salvador.  Nicaragua.  Spain.,1
Belgium.  France.  Netherlands.,1
US.  South America.  Central America.,1
China.  Europe.,1
Canada.  Japan.  Malaysia.  Singapore.  US.  Vietnam.,1
Brazil.  South Africa.  US.,1
Brazil.  Canada.  Mexico.  US.,1
Guinea-Bissau.  United Kingdom.,1
Argentina.  Australia.  Chile.  Canada.  Eastern Europe.  France.  Germany.  Ireland.  India.  Indonesia.  Iraq.  Japan.  United Kingdom.  Mexico.  Netherlands.  Nicaragua.  Nigeria.  Philippines.  Portugal.  Russia.  South Africa.  Spain.  Sweden.  Switzerland.  Turkey.  Uganda.  US.  Vietnam.  South America.  Central America.,1
Austria.  Belgium.  Denmark.  Germany.  Greece.  Italy.  Netherlands.  Spain.  Sweden.  Switzerland.,1
Senegal.,1
Israel.  Palestine.,1
Jamaica.  United Kingdom.,1
South America.  Central America.,1
New Zealand.  Singapore.,1
Canada.  Norway.,1
China.  Japan.  Korea.  Taiwan.  US.,1
Brazil.  North America.,1
Czech Republic.,1
Falkland Islands.  France.  Mexico.  Netherlands.  US.,1
Portugal.  Romania.  Spain.  US.,1
China.  Israel.  Japan.  South Africa.  Ukraine.  US.  Wales.,1
Kuwait.,1
Dominican Republic.  US.,1
Georgia.,1
Canada.  Venezuela.,1
Latvia.  Russia.  US.,1
South Korea.  Taiwan.  Turkey.,1
Kosovo.,1
Hong Kong.  United Kingdom.,1
China.  Croatia.  Cyprus.  Democratic Republic of Congo.  France.  India.  Israel.  Mexico.  Malaysia.  Netherlands.  New Zealand.  Peru.  Philippines.  Palestine.  Spain.  Sri Lanka.  Turkey.  Uganda.  US.  Serbia and Montenegro.,1
Spain.  England.,1
Israel.  Japan.  South Africa.,1
Austria.  Finland.  Ireland.  United Kingdom.  Poland.  Spain.,1
Ecuador.  US.,1
Australia.  Brazil.  China.  Colombia.  Ghana.  Germany.  Greece.  India.  Israel.  Italy.  Jordan.  Kazakhstan.  United Kingdom.  Kyrgyzstan.  Norway.  Pakistan.  Portugal.  South Africa.  Spain.  Turkey.,1
Germany.  Netherlands.  US.,1
Japan.  North America.,1
Asia.  Africa.  Europe.  North America.  South America.,1
France.  Japan.,1
China.  India.  Japan.  Korea.  Taiwan.  US.,1
Brazil.  Portugal.  Spain.,1
Costa Rica.  Finland.  Hong Kong.  US.,1
Bermuda.,1
New Zealand.  US.,1
Samoa.,1
